14:39:53-thiagosilvaleite-2017-06-19-13:40:21.png$[{"faceRectangle":{"height":82,"left":191,"top":274,"width":82},"scores":{"anger":0.000286022056,"contempt":0.00174333039,"disgust":3.23790155E-05,"fear":1.16960764E-05,"happiness":0.0342627019,"neutral":0.961923,"sadness":0.00015469249,"surprise":0.00158619764}}]
14:39:54-thiagosilvaleite-2017-06-19-13:40:22.png$[{"faceRectangle":{"height":133,"left":256,"top":346,"width":135},"scores":{"anger":3.06924849E-05,"contempt":0.000434801274,"disgust":0.000207441873,"fear":1.45380609E-05,"happiness":8.475824E-05,"neutral":0.9818777,"sadness":0.0143735884,"surprise":0.00297650043}}]
14:39:56-thiagosilvaleite-2017-06-19-13:40:27.png$[{"faceRectangle":{"height":134,"left":290,"top":332,"width":134},"scores":{"anger":4.99557282E-05,"contempt":0.00135527307,"disgust":9.88485044E-05,"fear":3.39769067E-05,"happiness":0.000297262333,"neutral":0.9873499,"sadness":0.00956970453,"surprise":0.00124507351}}]
14:39:58-thiagosilvaleite-2017-06-19-13:40:28.png$[]
14:40:00-thiagosilvaleite-2017-06-19-13:40:41.png$[{"faceRectangle":{"height":121,"left":280,"top":325,"width":121},"scores":{"anger":5.79481743E-08,"contempt":2.00056147E-05,"disgust":8.33191336E-07,"fear":1.03801176E-06,"happiness":2.24235123E-06,"neutral":0.999291241,"sadness":0.000645922555,"surprise":3.86722422E-05}}]
14:40:02-thiagosilvaleite-2017-06-19-13:40:44.png$[]
14:40:04-thiagosilvaleite-2017-06-19-13:40:46.png$[]
14:40:06-thiagosilvaleite-2017-06-19-13:40:29.png$[]
14:40:08-thiagosilvaleite-2017-06-19-13:41:01.png$[]
14:40:10-thiagosilvaleite-2017-06-19-13:41:02.png$[]
14:40:12-thiagosilvaleite-2017-06-19-13:41:14.png$[]
14:40:14-thiagosilvaleite-2017-06-19-13:41:18.png$[]
14:40:16-thiagosilvaleite-2017-06-19-13:41:23.png$[]
14:40:18-thiagosilvaleite-2017-06-19-13:41:26.png$[]
14:40:20-thiagosilvaleite-2017-06-19-13:41:06.png$[]
14:40:22-thiagosilvaleite-2017-06-19-13:41:34.png$[]
14:40:24-thiagosilvaleite-2017-06-19-13:41:39.png$[]
14:40:26-thiagosilvaleite-2017-06-19-13:41:08.png$[]
14:40:28-thiagosilvaleite-2017-06-19-13:41:58.png$[]
14:40:30-thiagosilvaleite-2017-06-19-13:41:11.png$[]
14:40:32-thiagosilvaleite-2017-06-19-13:42:14.png$[]
14:40:34-thiagosilvaleite-2017-06-19-13:41:49.png$[]
14:40:36-thiagosilvaleite-2017-06-19-13:41:20.png$[]
14:40:38-thiagosilvaleite-2017-06-19-13:41:20.png$[]
14:40:40-thiagosilvaleite-2017-06-19-13:41:25.png$[]
14:40:42-thiagosilvaleite-2017-06-19-13:41:38.png$[]
14:40:44-thiagosilvaleite-2017-06-19-13:41:42.png$[]
14:40:46-thiagosilvaleite-2017-06-19-13:41:45.png$[]
14:40:48-thiagosilvaleite-2017-06-19-13:41:56.png$[]
14:40:50-thiagosilvaleite-2017-06-19-13:42:15.png$[]
14:40:52-thiagosilvaleite-2017-06-19-13:42:18.png$[]
14:40:54-thiagosilvaleite-2017-06-19-13:41:55.png$[]
14:40:56-thiagosilvaleite-2017-06-19-13:41:58.png$[]
14:40:58-thiagosilvaleite-2017-06-19-13:42:25.png$[]
14:41:00-thiagosilvaleite-2017-06-19-13:42:28.png$[]
14:41:02-thiagosilvaleite-2017-06-19-13:42:16.png$[]
14:41:04-thiagosilvaleite-2017-06-19-13:42:41.png$[]
14:41:06-thiagosilvaleite-2017-06-19-13:42:56.png$[]
14:41:08-thiagosilvaleite-2017-06-19-13:42:25.png$[]
14:41:10-thiagosilvaleite-2017-06-19-13:42:56.png$[]
14:41:12-thiagosilvaleite-2017-06-19-13:43:00.png$[]
14:41:14-thiagosilvaleite-2017-06-19-13:42:33.png$[]
14:41:16-thiagosilvaleite-2017-06-19-13:43:01.png$[]
14:41:18-thiagosilvaleite-2017-06-19-13:42:37.png$[]
14:41:20-thiagosilvaleite-2017-06-19-13:42:47.png$[]
14:41:22-thiagosilvaleite-2017-06-19-13:47:45.png$[]
14:41:24-thiagosilvaleite-2017-06-19-13:42:52.png$[{"faceRectangle":{"height":137,"left":300,"top":342,"width":150},"scores":{"anger":0.0004713017,"contempt":0.002478958,"disgust":0.001119247,"fear":0.007369257,"happiness":0.00122674264,"neutral":0.8589135,"sadness":0.021298755,"surprise":0.10712225}}]
14:41:26-thiagosilvaleite-2017-06-19-13:42:56.png$[]
14:41:28-thiagosilvaleite-2017-06-19-13:43:22.png$[]
14:41:30-thiagosilvaleite-2017-06-19-13:43:01.png$[]
14:41:32-thiagosilvaleite-2017-06-19-13:43:27.png$[]
14:41:34-thiagosilvaleite-2017-06-19-13:43:36.png$[]
14:41:36-thiagosilvaleite-2017-06-19-13:43:05.png$[]
14:41:38-thiagosilvaleite-2017-06-19-13:43:36.png$[]
14:41:40-thiagosilvaleite-2017-06-19-13:43:09.png$[]
14:41:42-thiagosilvaleite-2017-06-19-13:44:58.png$[]
14:41:44-thiagosilvaleite-2017-06-19-13:43:15.png$[]
14:41:46-thiagosilvaleite-2017-06-19-13:44:30.png$[]
14:41:48-thiagosilvaleite-2017-06-19-13:43:22.png$[]
14:41:50-thiagosilvaleite-2017-06-19-13:45:30.png$[]
14:41:52-thiagosilvaleite-2017-06-19-13:43:28.png$[]
14:41:54-thiagosilvaleite-2017-06-19-13:45:37.png$[]
14:41:56-thiagosilvaleite-2017-06-19-13:43:54.png$[]
14:41:58-thiagosilvaleite-2017-06-19-13:45:43.png$[]
14:42:00-thiagosilvaleite-2017-06-19-13:44:01.png$[]
14:42:02-thiagosilvaleite-2017-06-19-13:43:40.png$[]
14:42:04-thiagosilvaleite-2017-06-19-13:43:57.png$[]
14:42:06-thiagosilvaleite-2017-06-19-13:43:57.png$[]
14:42:08-thiagosilvaleite-2017-06-19-13:46:11.png$[]
14:42:10-thiagosilvaleite-2017-06-19-13:43:47.png$[]
14:42:12-thiagosilvaleite-2017-06-19-13:46:12.png$[]
14:42:14-thiagosilvaleite-2017-06-19-13:46:28.png$[]
14:42:16-thiagosilvaleite-2017-06-19-13:46:25.png$[]
14:42:18-thiagosilvaleite-2017-06-19-13:43:54.png$[]
14:42:20-thiagosilvaleite-2017-06-19-13:46:37.png$[]
14:42:22-thiagosilvaleite-2017-06-19-13:46:46.png$[]
14:42:24-thiagosilvaleite-2017-06-19-13:44:14.png$[]
14:42:26-thiagosilvaleite-2017-06-19-13:43:58.png$[]
14:42:28-thiagosilvaleite-2017-06-19-13:46:55.png$[]
14:42:30-thiagosilvaleite-2017-06-19-13:47:04.png$[]
14:42:32-thiagosilvaleite-2017-06-19-13:44:18.png$[]
14:42:34-thiagosilvaleite-2017-06-19-13:44:14.png$[]
14:42:36-thiagosilvaleite-2017-06-19-13:47:01.png$[]
14:42:38-thiagosilvaleite-2017-06-19-13:44:02.png$[]
14:42:40-thiagosilvaleite-2017-06-19-13:47:09.png$[]
14:42:42-thiagosilvaleite-2017-06-19-13:44:18.png$[]
14:42:44-thiagosilvaleite-2017-06-19-13:47:15.png$[]
14:42:46-thiagosilvaleite-2017-06-19-13:44:06.png$[]
14:42:48-thiagosilvaleite-2017-06-19-13:47:32.png$[]
14:42:50-thiagosilvaleite-2017-06-19-13:47:27.png$[]
14:42:52-thiagosilvaleite-2017-06-19-13:44:12.png$[]
14:42:54-thiagosilvaleite-2017-06-19-13:47:20.png$[]
14:42:56-thiagosilvaleite-2017-06-19-13:47:28.png$[]
14:42:58-thiagosilvaleite-2017-06-19-13:44:16.png$[]
14:43:00-thiagosilvaleite-2017-06-19-13:47:42.png$[]
14:43:02-thiagosilvaleite-2017-06-19-13:44:45.png$[]
14:43:04-thiagosilvaleite-2017-06-19-13:44:49.png$[]
14:43:06-thiagosilvaleite-2017-06-19-13:44:20.png$[]
14:43:08-thiagosilvaleite-2017-06-19-13:47:40.png$[]
14:43:10-thiagosilvaleite-2017-06-19-13:45:27.png$[]
14:43:12-thiagosilvaleite-2017-06-19-13:45:27.png$[]
14:43:14-thiagosilvaleite-2017-06-19-13:48:19.png$[]
14:43:16-thiagosilvaleite-2017-06-19-13:45:30.png$[]
14:43:18-thiagosilvaleite-2017-06-19-13:48:34.png$[]
14:43:20-thiagosilvaleite-2017-06-19-13:45:30.png$[]
14:43:22-thiagosilvaleite-2017-06-19-13:45:31.png$[]
14:43:24-thiagosilvaleite-2017-06-19-13:45:35.png$[]
14:43:26-thiagosilvaleite-2017-06-19-13:45:43.png$[]
14:43:28-thiagosilvaleite-2017-06-19-13:45:43.png$[]
14:43:30-thiagosilvaleite-2017-06-19-13:45:44.png$[]
14:43:32-thiagosilvaleite-2017-06-19-13:45:54.png$[]
14:43:34-thiagosilvaleite-2017-06-19-13:45:57.png$[]
14:43:36-thiagosilvaleite-2017-06-19-13:46:04.png$[]
14:43:38-thiagosilvaleite-2017-06-19-13:46:12.png$[]
14:43:40-thiagosilvaleite-2017-06-19-13:46:09.png$[]
14:43:42-thiagosilvaleite-2017-06-19-13:46:17.png$[]
14:43:44-thiagosilvaleite-2017-06-19-13:46:18.png$[]
14:43:46-thiagosilvaleite-2017-06-19-13:46:27.png$[]
14:43:48-thiagosilvaleite-2017-06-19-13:46:28.png$[]
14:43:50-thiagosilvaleite-2017-06-19-13:46:44.png$[]
14:43:52-thiagosilvaleite-2017-06-19-13:46:46.png$[]
14:43:54-thiagosilvaleite-2017-06-19-13:46:55.png$[]
14:43:56-thiagosilvaleite-2017-06-19-13:46:52.png$[]
14:43:58-thiagosilvaleite-2017-06-19-13:47:07.png$[]
14:44:00-thiagosilvaleite-2017-06-19-13:47:08.png$[]
14:44:02-thiagosilvaleite-2017-06-19-13:47:10.png$[]
14:44:04-thiagosilvaleite-2017-06-19-13:47:23.png$[]
14:44:06-thiagosilvaleite-2017-06-19-13:47:15.png$[]
14:44:08-thiagosilvaleite-2017-06-19-13:47:31.png$[]
14:44:10-thiagosilvaleite-2017-06-19-13:47:37.png$[]
14:44:12-thiagosilvaleite-2017-06-19-13:47:41.png$[]
14:44:14-thiagosilvaleite-2017-06-19-13:47:35.png$[]
14:44:16-thiagosilvaleite-2017-06-19-13:47:50.png$[]
14:44:18-thiagosilvaleite-2017-06-19-13:47:52.png$[]
14:44:20-thiagosilvaleite-2017-06-19-13:47:47.png$[]
14:44:22-thiagosilvaleite-2017-06-19-13:47:56.png$[]
14:44:24-thiagosilvaleite-2017-06-19-13:47:57.png$[]
14:44:26-thiagosilvaleite-2017-06-19-13:48:01.png$[]
14:44:28-thiagosilvaleite-2017-06-19-13:47:52.png$[]
14:44:30-thiagosilvaleite-2017-06-19-13:48:15.png$[]
14:44:32-thiagosilvaleite-2017-06-19-13:47:56.png$[]
14:44:34-thiagosilvaleite-2017-06-19-13:48:14.png$[]
14:44:36-thiagosilvaleite-2017-06-19-13:48:01.png$[]
14:44:38-thiagosilvaleite-2017-06-19-13:48:19.png$[]
14:44:40-thiagosilvaleite-2017-06-19-13:48:20.png$[]
14:44:42-thiagosilvaleite-2017-06-19-13:48:12.png$[]
14:44:44-thiagosilvaleite-2017-06-19-13:48:27.png$[]
14:44:46-thiagosilvaleite-2017-06-19-13:48:37.png$[]
14:44:48-thiagosilvaleite-2017-06-19-13:48:25.png$[]
14:44:50-thiagosilvaleite-2017-06-19-13:48:42.png$[]
14:44:52-thiagosilvaleite-2017-06-19-13:48:39.png$[]
14:44:54-thiagosilvaleite-2017-06-19-13:48:31.png$[]
14:44:56-thiagosilvaleite-2017-06-19-13:48:44.png$[]
14:44:58-thiagosilvaleite-2017-06-19-13:48:38.png$[]
14:45:00-thiagosilvaleite-2017-06-19-13:48:53.png$[]
14:45:02-thiagosilvaleite-2017-06-19-13:48:56.png$[]
14:45:04-thiagosilvaleite-2017-06-19-13:48:42.png$[]
14:45:06-thiagosilvaleite-2017-06-19-13:48:58.png$[]
14:45:08-thiagosilvaleite-2017-06-19-13:48:50.png$[]
14:45:10-thiagosilvaleite-2017-06-19-13:49:03.png$[]
14:45:12-thiagosilvaleite-2017-06-19-13:49:04.png$[]
14:45:14-thiagosilvaleite-2017-06-19-13:48:58.png$[]
14:45:16-thiagosilvaleite-2017-06-19-13:49:10.png$[]
14:45:18-thiagosilvaleite-2017-06-19-13:49:21.png$[]
14:45:20-thiagosilvaleite-2017-06-19-13:49:21.png$[]
14:45:22-thiagosilvaleite-2017-06-19-13:49:10.png$[]
14:45:24-thiagosilvaleite-2017-06-19-13:49:24.png$[]
14:45:26-thiagosilvaleite-2017-06-19-13:49:23.png$[]
14:45:28-thiagosilvaleite-2017-06-19-13:49:28.png$[]
14:45:30-thiagosilvaleite-2017-06-19-13:49:26.png$[]
14:45:32-thiagosilvaleite-2017-06-19-13:49:46.png$[]
14:45:34-thiagosilvaleite-2017-06-19-13:49:48.png$[]
14:45:36-thiagosilvaleite-2017-06-19-13:49:51.png$[]
14:45:38-thiagosilvaleite-2017-06-19-13:49:54.png$[]
14:45:40-thiagosilvaleite-2017-06-19-13:49:44.png$[]
14:45:42-thiagosilvaleite-2017-06-19-13:49:52.png$[]
14:45:44-thiagosilvaleite-2017-06-19-13:49:57.png$[]
14:45:46-thiagosilvaleite-2017-06-19-13:50:04.png$[]
14:45:48-thiagosilvaleite-2017-06-19-13:50:06.png$[]
14:45:50-thiagosilvaleite-2017-06-19-13:50:07.png$[]
14:45:52-thiagosilvaleite-2017-06-19-13:50:06.png$[]
14:45:54-thiagosilvaleite-2017-06-19-13:50:12.png$[]
14:45:56-thiagosilvaleite-2017-06-19-13:50:05.png$[]
14:45:58-thiagosilvaleite-2017-06-19-13:50:21.png$[]
14:46:00-thiagosilvaleite-2017-06-19-13:50:13.png$[]
14:46:02-thiagosilvaleite-2017-06-19-13:50:30.png$[]
14:46:04-thiagosilvaleite-2017-06-19-13:50:48.png$[]
14:46:06-thiagosilvaleite-2017-06-19-13:50:25.png$[]
14:46:08-thiagosilvaleite-2017-06-19-13:50:33.png$[]
14:46:10-thiagosilvaleite-2017-06-19-13:50:20.png$[]
14:46:12-thiagosilvaleite-2017-06-19-13:50:38.png$[]
14:46:14-thiagosilvaleite-2017-06-19-13:50:45.png$[]
14:46:16-thiagosilvaleite-2017-06-19-13:50:48.png$[]
14:46:18-thiagosilvaleite-2017-06-19-13:51:09.png$[]
14:46:20-thiagosilvaleite-2017-06-19-13:51:13.png$[]
14:46:22-thiagosilvaleite-2017-06-19-13:51:03.png$[]
14:46:24-thiagosilvaleite-2017-06-19-13:51:34.png$[]
14:46:26-thiagosilvaleite-2017-06-19-13:51:37.png$[{"faceRectangle":{"height":117,"left":302,"top":362,"width":160},"scores":{"anger":7.29709E-05,"contempt":0.000103294427,"disgust":9.246082E-06,"fear":0.000451043335,"happiness":1.83589091E-05,"neutral":0.9453995,"sadness":0.0147933811,"surprise":0.0391521752}}]
14:46:28-thiagosilvaleite-2017-06-19-13:51:14.png$[]
14:46:30-thiagosilvaleite-2017-06-19-13:51:39.png$[]
14:46:32-thiagosilvaleite-2017-06-19-13:51:18.png$[]
14:46:34-thiagosilvaleite-2017-06-19-13:51:28.png$[]
14:46:36-thiagosilvaleite-2017-06-19-13:51:33.png$[]
14:46:38-thiagosilvaleite-2017-06-19-13:51:38.png$[]
14:46:40-thiagosilvaleite-2017-06-19-13:51:50.png$[{"faceRectangle":{"height":129,"left":356,"top":350,"width":173},"scores":{"anger":0.000173079476,"contempt":0.0008858116,"disgust":0.000313816185,"fear":0.001483526,"happiness":0.000201597664,"neutral":0.7972556,"sadness":0.132707253,"surprise":0.06697932}}]
14:46:42-thiagosilvaleite-2017-06-19-13:51:50.png$[]
14:46:44-thiagosilvaleite-2017-06-19-13:51:51.png$[]
14:46:46-thiagosilvaleite-2017-06-19-13:51:51.png$[]
14:46:48-thiagosilvaleite-2017-06-19-13:52:01.png$[]
14:46:50-thiagosilvaleite-2017-06-19-13:51:52.png$[]
14:46:52-thiagosilvaleite-2017-06-19-13:52:07.png$[]
14:46:54-thiagosilvaleite-2017-06-19-13:52:10.png$[{"faceRectangle":{"height":113,"left":270,"top":366,"width":130},"scores":{"anger":4.472687E-05,"contempt":0.0001536927,"disgust":0.000118447344,"fear":1.24950975E-05,"happiness":0.000149788611,"neutral":0.9559913,"sadness":0.03915062,"surprise":0.00437891763}}]
14:46:56-thiagosilvaleite-2017-06-19-13:52:06.png$[]
14:46:58-thiagosilvaleite-2017-06-19-13:52:06.png$[]
14:47:00-thiagosilvaleite-2017-06-19-14:08:02.png$[]
14:47:02-thiagosilvaleite-2017-06-19-13:52:21.png$[]
14:47:04-thiagosilvaleite-2017-06-19-14:09:10.png$[{"faceRectangle":{"height":120,"left":301,"top":359,"width":149},"scores":{"anger":6.91959649E-05,"contempt":0.000257020176,"disgust":2.91540873E-05,"fear":0.00686168345,"happiness":6.417549E-05,"neutral":0.905410647,"sadness":0.0359875038,"surprise":0.0513205938}}]
14:47:06-thiagosilvaleite-2017-06-19-13:52:22.png$[{"faceRectangle":{"height":104,"left":271,"top":342,"width":104},"scores":{"anger":3.76179287E-06,"contempt":7.251589E-05,"disgust":1.40499037E-06,"fear":0.000133686073,"happiness":3.83794359E-05,"neutral":0.995494545,"sadness":0.00373238162,"surprise":0.000523332739}}]
14:47:08-thiagosilvaleite-2017-06-19-13:52:25.png$[{"faceRectangle":{"height":121,"left":261,"top":358,"width":130},"scores":{"anger":1.43171919E-05,"contempt":0.000332199852,"disgust":8.693797E-05,"fear":3.530512E-05,"happiness":0.000171972613,"neutral":0.9938463,"sadness":0.00194877293,"surprise":0.00356422388}}]
14:47:10-thiagosilvaleite-2017-06-19-14:08:33.png$[{"faceRectangle":{"height":120,"left":258,"top":359,"width":130},"scores":{"anger":1.44657643E-05,"contempt":0.000303644,"disgust":0.000111000743,"fear":9.228932E-05,"happiness":0.000189860861,"neutral":0.9905063,"sadness":0.006399252,"surprise":0.002383203}}]
14:47:12-thiagosilvaleite-2017-06-19-13:52:27.png$[]
14:47:14-thiagosilvaleite-2017-06-19-13:57:53.png$[]
14:47:16-thiagosilvaleite-2017-06-19-13:52:27.png$[]
14:47:18-thiagosilvaleite-2017-06-19-14:08:45.png$[]
14:47:20-thiagosilvaleite-2017-06-19-13:57:50.png$[]
14:47:22-thiagosilvaleite-2017-06-19-14:08:53.png$[]
14:47:24-thiagosilvaleite-2017-06-19-14:09:03.png$[]
14:47:26-thiagosilvaleite-2017-06-19-13:57:57.png$[]
14:47:30-thiagosilvaleite-2017-06-19-14:09:46.png$[]
14:47:32-thiagosilvaleite-2017-06-19-13:52:42.png$[]
14:47:34-thiagosilvaleite-2017-06-19-14:17:13.png$[]
14:47:36-thiagosilvaleite-2017-06-19-14:10:10.png$[]
14:47:38-thiagosilvaleite-2017-06-19-14:17:24.png$[]
14:47:42-thiagosilvaleite-2017-06-19-13:58:54.png$[]
14:47:44-thiagosilvaleite-2017-06-19-13:58:50.png$[]
14:47:46-thiagosilvaleite-2017-06-19-13:58:06.png$[]
14:47:50-thiagosilvaleite-2017-06-19-14:11:19.png$[]
14:49:08-thiagosilvaleite-2017-06-19-14:02:43.png$[]
14:49:10-thiagosilvaleite-2017-06-19-14:02:12.png$[]
14:49:14-thiagosilvaleite-2017-06-19-14:01:57.png$[]
14:49:16-thiagosilvaleite-2017-06-19-14:02:39.png$[]
14:49:18-thiagosilvaleite-2017-06-19-14:02:56.png$[]
14:49:20-thiagosilvaleite-2017-06-19-14:02:00.png$[]
14:49:22-thiagosilvaleite-2017-06-19-14:02:03.png$[]
14:49:24-thiagosilvaleite-2017-06-19-14:02:07.png$[]
14:49:26-thiagosilvaleite-2017-06-19-14:02:14.png$[]
14:49:28-thiagosilvaleite-2017-06-19-14:02:49.png$[{"faceRectangle":{"height":133,"left":274,"top":280,"width":133},"scores":{"anger":0.000372238,"contempt":0.0008927396,"disgust":0.000125179024,"fear":0.001658401,"happiness":0.00595704047,"neutral":0.958947539,"sadness":0.00353067182,"surprise":0.0285161827}}]
14:49:32-thiagosilvaleite-2017-06-19-14:02:16.png$[]
14:49:34-thiagosilvaleite-2017-06-19-14:02:18.png$[]
14:49:36-thiagosilvaleite-2017-06-19-14:02:20.png$[]
14:49:38-thiagosilvaleite-2017-06-19-14:03:04.png$[]
14:49:42-thiagosilvaleite-2017-06-19-14:03:11.png$[{"faceRectangle":{"height":135,"left":283,"top":321,"width":135},"scores":{"anger":0.001626105,"contempt":0.00086016563,"disgust":0.000384119427,"fear":0.000420026,"happiness":0.00562785566,"neutral":0.9355679,"sadness":0.00132475013,"surprise":0.0541890562}}]
14:49:44-thiagosilvaleite-2017-06-19-14:03:21.png$[]
14:49:46-thiagosilvaleite-2017-06-19-14:03:12.png$[]
14:49:48-thiagosilvaleite-2017-06-19-14:03:39.png$[]
14:49:50-thiagosilvaleite-2017-06-19-14:03:56.png$[]
14:49:52-thiagosilvaleite-2017-06-19-14:03:41.png$[]
14:49:54-thiagosilvaleite-2017-06-19-14:03:44.png$[]
14:49:56-thiagosilvaleite-2017-06-19-14:03:51.png$[]
14:49:58-thiagosilvaleite-2017-06-19-14:04:15.png$[{"faceRectangle":{"height":148,"left":279,"top":331,"width":153},"scores":{"anger":0.000262901449,"contempt":0.0013345636,"disgust":0.000524539035,"fear":0.000615194149,"happiness":0.004471672,"neutral":0.9598821,"sadness":0.0221385658,"surprise":0.0107705072}}]
14:50:00-thiagosilvaleite-2017-06-19-14:04:11.png$[]
14:50:02-thiagosilvaleite-2017-06-19-14:04:12.png$[]
14:50:04-thiagosilvaleite-2017-06-19-14:04:22.png$[]
14:50:06-thiagosilvaleite-2017-06-19-14:05:04.png$[]
14:50:08-thiagosilvaleite-2017-06-19-14:05:31.png$[]
14:50:10-thiagosilvaleite-2017-06-19-14:05:05.png$[]
14:50:12-thiagosilvaleite-2017-06-19-14:05:12.png$[]
14:50:14-thiagosilvaleite-2017-06-19-14:05:28.png$[]
14:50:16-thiagosilvaleite-2017-06-19-14:05:37.png$[]
14:50:18-thiagosilvaleite-2017-06-19-14:05:35.png$[]
14:50:20-thiagosilvaleite-2017-06-19-14:05:39.png$[]
14:50:22-thiagosilvaleite-2017-06-19-14:05:41.png$[]
14:50:24-thiagosilvaleite-2017-06-19-14:05:41.png$[]
14:50:26-thiagosilvaleite-2017-06-19-14:05:45.png$[]
14:50:28-thiagosilvaleite-2017-06-19-14:05:52.png$[]
14:50:30-thiagosilvaleite-2017-06-19-14:05:53.png$[]
14:50:32-thiagosilvaleite-2017-06-19-14:05:56.png$[]
14:50:34-thiagosilvaleite-2017-06-19-14:05:57.png$[]
14:50:36-thiagosilvaleite-2017-06-19-14:06:01.png$[]
14:50:38-thiagosilvaleite-2017-06-19-14:06:14.png$[]
14:50:40-thiagosilvaleite-2017-06-19-14:06:08.png$[]
14:50:42-thiagosilvaleite-2017-06-19-14:06:12.png$[]
14:50:44-thiagosilvaleite-2017-06-19-14:06:16.png$[]
14:50:46-thiagosilvaleite-2017-06-19-14:06:18.png$[]
14:50:48-thiagosilvaleite-2017-06-19-14:06:23.png$[]
14:50:50-thiagosilvaleite-2017-06-19-14:06:23.png$[]
14:50:52-thiagosilvaleite-2017-06-19-14:06:29.png$[]
14:50:54-thiagosilvaleite-2017-06-19-14:06:25.png$[]
14:50:56-thiagosilvaleite-2017-06-19-14:06:28.png$[]
14:50:58-thiagosilvaleite-2017-06-19-14:06:28.png$[]
14:51:00-thiagosilvaleite-2017-06-19-14:06:37.png$[]
14:51:02-thiagosilvaleite-2017-06-19-14:06:37.png$[]
14:51:04-thiagosilvaleite-2017-06-19-14:06:39.png$[]
14:51:06-thiagosilvaleite-2017-06-19-14:06:41.png$[]
14:51:08-thiagosilvaleite-2017-06-19-14:06:43.png$[]
14:51:10-thiagosilvaleite-2017-06-19-14:06:47.png$[]
14:51:12-thiagosilvaleite-2017-06-19-14:06:49.png$[]
14:51:14-thiagosilvaleite-2017-06-19-14:06:48.png$[]
14:51:16-thiagosilvaleite-2017-06-19-14:06:51.png$[]
14:51:18-thiagosilvaleite-2017-06-19-14:06:51.png$[]
14:51:20-thiagosilvaleite-2017-06-19-14:06:59.png$[]
14:51:22-thiagosilvaleite-2017-06-19-14:07:00.png$[]
14:51:24-thiagosilvaleite-2017-06-19-14:07:00.png$[]
14:51:26-thiagosilvaleite-2017-06-19-14:07:03.png$[{"faceRectangle":{"height":130,"left":347,"top":326,"width":130},"scores":{"anger":2.74995236E-05,"contempt":0.0986456349,"disgust":0.000455965521,"fear":2.50446665E-05,"happiness":0.0142157786,"neutral":0.8752894,"sadness":0.00969039,"surprise":0.00165028707}}]
14:51:28-thiagosilvaleite-2017-06-19-14:07:04.png$[]
14:51:30-thiagosilvaleite-2017-06-19-14:07:08.png$[]
14:51:32-thiagosilvaleite-2017-06-19-14:07:11.png$[]
14:51:34-thiagosilvaleite-2017-06-19-14:07:12.png$[]
14:51:36-thiagosilvaleite-2017-06-19-14:07:15.png$[]
14:51:38-thiagosilvaleite-2017-06-19-14:07:16.png$[]
14:51:40-thiagosilvaleite-2017-06-19-14:07:17.png$[]
14:51:42-thiagosilvaleite-2017-06-19-14:07:28.png$[]
14:51:44-thiagosilvaleite-2017-06-19-14:07:33.png$[]
14:51:46-thiagosilvaleite-2017-06-19-14:07:52.png$[]
14:51:48-thiagosilvaleite-2017-06-19-14:07:23.png$[]
14:51:50-thiagosilvaleite-2017-06-19-14:07:54.png$[]
14:51:52-thiagosilvaleite-2017-06-19-14:07:23.png$[]
14:51:54-thiagosilvaleite-2017-06-19-14:07:28.png$[]
14:51:56-thiagosilvaleite-2017-06-19-14:07:28.png$[]
14:51:58-thiagosilvaleite-2017-06-19-14:08:06.png$[]
14:52:00-thiagosilvaleite-2017-06-19-14:07:52.png$[]
14:52:02-thiagosilvaleite-2017-06-19-14:08:09.png$[]
14:52:04-thiagosilvaleite-2017-06-19-14:08:23.png$[]
14:52:06-thiagosilvaleite-2017-06-19-14:08:22.png$[]
14:52:08-thiagosilvaleite-2017-06-19-14:08:36.png$[]
14:52:10-thiagosilvaleite-2017-06-19-13:57:48.png$[]
14:52:12-thiagosilvaleite-2017-06-19-13:57:50.png$[]
14:52:14-thiagosilvaleite-2017-06-19-14:08:42.png$[]
14:52:16-thiagosilvaleite-2017-06-19-13:57:31.png$[]
14:52:18-thiagosilvaleite-2017-06-19-14:08:55.png$[]
14:52:20-thiagosilvaleite-2017-06-19-13:57:34.png$[]
14:52:22-thiagosilvaleite-2017-06-19-14:10:06.png$[]
14:52:24-thiagosilvaleite-2017-06-19-13:58:12.png$[]
14:52:26-thiagosilvaleite-2017-06-19-13:58:12.png$[]
14:52:28-thiagosilvaleite-2017-06-19-14:10:27.png$[]
14:52:30-thiagosilvaleite-2017-06-19-13:58:58.png$[]
14:52:32-thiagosilvaleite-2017-06-19-13:58:09.png$[]
14:52:34-thiagosilvaleite-2017-06-19-13:58:13.png$[]
14:52:36-thiagosilvaleite-2017-06-19-13:59:26.png$[]
14:52:38-thiagosilvaleite-2017-06-19-13:59:19.png$[]
14:52:40-thiagosilvaleite-2017-06-19-13:58:18.png$[]
14:52:42-thiagosilvaleite-2017-06-19-13:58:31.png$[]
14:52:44-thiagosilvaleite-2017-06-19-14:11:39.png$[]
14:52:46-thiagosilvaleite-2017-06-19-13:59:28.png$[]
14:52:48-thiagosilvaleite-2017-06-19-14:11:53.png$[]
14:52:50-thiagosilvaleite-2017-06-19-13:59:28.png$[]
14:52:52-thiagosilvaleite-2017-06-19-14:11:56.png$[]
14:52:54-thiagosilvaleite-2017-06-19-13:59:34.png$[]
14:52:56-thiagosilvaleite-2017-06-19-14:12:46.png$[]
14:52:58-thiagosilvaleite-2017-06-19-14:12:50.png$[]
14:53:00-thiagosilvaleite-2017-06-19-14:12:09.png$[]
14:53:02-thiagosilvaleite-2017-06-19-14:13:30.png$[]
14:53:04-thiagosilvaleite-2017-06-19-14:13:24.png$[]
14:53:06-thiagosilvaleite-2017-06-19-14:15:46.png$[]
14:53:08-thiagosilvaleite-2017-06-19-14:13:33.png$[]
14:53:10-thiagosilvaleite-2017-06-19-14:13:34.png$[]
14:53:12-thiagosilvaleite-2017-06-19-14:16:07.png$[]
14:53:14-thiagosilvaleite-2017-06-19-14:13:49.png$[]
14:53:16-thiagosilvaleite-2017-06-19-14:00:52.png$[]
14:53:18-thiagosilvaleite-2017-06-19-14:00:52.png$[]
14:53:20-thiagosilvaleite-2017-06-19-14:13:47.png$[]
14:53:22-thiagosilvaleite-2017-06-19-14:14:18.png$[]
14:53:24-thiagosilvaleite-2017-06-19-14:00:41.png$[{"faceRectangle":{"height":116,"left":330,"top":363,"width":157},"scores":{"anger":0.000113018017,"contempt":0.001603421,"disgust":0.000202852971,"fear":0.00324984756,"happiness":0.005027144,"neutral":0.738061368,"sadness":0.181822643,"surprise":0.0699197352}}]
14:53:26-thiagosilvaleite-2017-06-19-14:14:33.png$[]
14:53:32-thiagosilvaleite-2017-06-19-14:15:29.png$[]
14:53:34-thiagosilvaleite-2017-06-19-14:15:41.png$[]
14:53:36-thiagosilvaleite-2017-06-19-14:15:25.png$[]
14:53:38-thiagosilvaleite-2017-06-19-14:15:25.png$[]
14:53:40-thiagosilvaleite-2017-06-19-14:15:32.png$[]
14:53:42-thiagosilvaleite-2017-06-19-14:15:31.png$[]
14:53:44-thiagosilvaleite-2017-06-19-14:15:50.png$[{"faceRectangle":{"height":153,"left":301,"top":326,"width":172},"scores":{"anger":4.24973441E-05,"contempt":0.000418424956,"disgust":0.00018278377,"fear":0.000252733065,"happiness":0.000198260866,"neutral":0.8755764,"sadness":0.0019245859,"surprise":0.12140435}}]
14:53:46-thiagosilvaleite-2017-06-19-14:15:42.png$[]
14:53:48-thiagosilvaleite-2017-06-19-14:16:04.png$[]
14:53:50-thiagosilvaleite-2017-06-19-14:01:03.png$[]
14:53:52-thiagosilvaleite-2017-06-19-14:15:49.png$[]
14:53:54-thiagosilvaleite-2017-06-19-14:15:52.png$[]
14:53:56-thiagosilvaleite-2017-06-19-14:15:57.png$[]
14:53:58-thiagosilvaleite-2017-06-19-14:16:02.png$[]
14:54:00-thiagosilvaleite-2017-06-19-14:16:23.png$[]
14:54:02-thiagosilvaleite-2017-06-19-14:16:13.png$[]
14:54:04-thiagosilvaleite-2017-06-19-14:16:30.png$[]
14:54:06-thiagosilvaleite-2017-06-19-14:16:30.png$[]
14:54:08-thiagosilvaleite-2017-06-19-14:16:19.png$[]
14:54:11-thiagosilvaleite-2017-06-19-14:16:33.png$[]
14:54:12-thiagosilvaleite-2017-06-19-14:16:25.png$[]
14:54:14-thiagosilvaleite-2017-06-19-14:16:46.png$[]
14:54:16-thiagosilvaleite-2017-06-19-14:16:34.png$[]
14:54:18-thiagosilvaleite-2017-06-19-14:16:32.png$[]
14:54:20-thiagosilvaleite-2017-06-19-14:01:25.png$[]
14:54:22-thiagosilvaleite-2017-06-19-14:16:52.png$[]
14:54:24-thiagosilvaleite-2017-06-19-14:01:23.png$[]
14:54:26-thiagosilvaleite-2017-06-19-14:16:51.png$[]
14:54:28-thiagosilvaleite-2017-06-19-14:16:52.png$[]
14:54:30-thiagosilvaleite-2017-06-19-14:16:48.png$[]
14:54:32-thiagosilvaleite-2017-06-19-14:16:45.png$[]
14:54:34-thiagosilvaleite-2017-06-19-14:16:50.png$[]
14:54:36-thiagosilvaleite-2017-06-19-14:16:57.png$[]
14:54:38-thiagosilvaleite-2017-06-19-14:17:17.png$[]
14:54:40-thiagosilvaleite-2017-06-19-14:17:02.png$[]
14:54:42-thiagosilvaleite-2017-06-19-14:17:09.png$[]
14:54:48-thiagosilvaleite-2017-06-19-14:17:24.png$[]
14:54:58-thiagosilvaleite-2017-06-19-14:01:26.png$[]
14:55:42-thiagosilvaleite-2017-06-19-14:01:49.png$[]
14:55:50-thiagosilvaleite-2017-06-19-14:01:52.png$[]
14:55:54-thiagosilvaleite-2017-06-19-14:01:49.png$[]
14:56:44-thiagosilvaleite-2017-06-19-14:02:21.png$[]
14:56:46-thiagosilvaleite-2017-06-19-14:02:10.png$[]
14:56:48-thiagosilvaleite-2017-06-19-14:02:26.png$[]
14:56:50-thiagosilvaleite-2017-06-19-14:03:14.png$[]
14:56:52-thiagosilvaleite-2017-06-19-14:03:39.png$[]
14:56:54-thiagosilvaleite-2017-06-19-14:04:17.png$[]
14:56:56-thiagosilvaleite-2017-06-19-14:05:14.png$[]
14:57:00-thiagosilvaleite-2017-06-19-14:05:41.png$[]
14:57:02-thiagosilvaleite-2017-06-19-14:05:55.png$[]
14:57:04-thiagosilvaleite-2017-06-19-14:06:14.png$[]
14:57:06-thiagosilvaleite-2017-06-19-14:06:36.png$[]
14:57:08-thiagosilvaleite-2017-06-19-14:06:53.png$[]
14:57:10-thiagosilvaleite-2017-06-19-14:07:17.png$[]
14:57:12-thiagosilvaleite-2017-06-19-14:07:34.png$[]
14:57:14-thiagosilvaleite-2017-06-19-14:08:40.png$[]
14:57:16-thiagosilvaleite-2017-06-19-14:08:46.png$[]
14:57:18-thiagosilvaleite-2017-06-19-14:09:01.png$[]
14:57:20-thiagosilvaleite-2017-06-19-14:09:09.png$[]
14:57:22-thiagosilvaleite-2017-06-19-14:09:18.png$[]
14:57:24-thiagosilvaleite-2017-06-19-14:09:02.png$[]
14:57:26-thiagosilvaleite-2017-06-19-14:09:23.png$[{"faceRectangle":{"height":134,"left":322,"top":345,"width":185},"scores":{"anger":8.539842E-05,"contempt":0.000526174845,"disgust":2.17387169E-05,"fear":0.000202825962,"happiness":1.29832069E-05,"neutral":0.9677537,"sadness":0.0252575837,"surprise":0.00613958342}}]
14:57:28-thiagosilvaleite-2017-06-19-14:09:16.png$[]
14:57:30-thiagosilvaleite-2017-06-19-14:09:27.png$[]
14:57:32-thiagosilvaleite-2017-06-19-14:09:35.png$[]
14:57:34-thiagosilvaleite-2017-06-19-14:09:58.png$[]
14:57:36-thiagosilvaleite-2017-06-19-14:09:57.png$[]
14:57:38-thiagosilvaleite-2017-06-19-14:09:53.png$[]
14:57:40-thiagosilvaleite-2017-06-19-14:09:48.png$[]
14:57:42-thiagosilvaleite-2017-06-19-14:09:55.png$[]
14:57:44-thiagosilvaleite-2017-06-19-14:09:59.png$[]
14:57:46-thiagosilvaleite-2017-06-19-14:10:06.png$[]
14:57:48-thiagosilvaleite-2017-06-19-14:10:10.png$[]
14:57:50-thiagosilvaleite-2017-06-19-14:10:10.png$[]
14:57:52-thiagosilvaleite-2017-06-19-14:10:17.png$[]
14:57:54-thiagosilvaleite-2017-06-19-14:10:25.png$[]
14:57:56-thiagosilvaleite-2017-06-19-14:10:30.png$[]
14:57:58-thiagosilvaleite-2017-06-19-14:10:20.png$[]
14:58:00-thiagosilvaleite-2017-06-19-14:10:27.png$[]
14:58:02-thiagosilvaleite-2017-06-19-14:10:42.png$[]
14:58:04-thiagosilvaleite-2017-06-19-14:10:26.png$[]
14:58:06-thiagosilvaleite-2017-06-19-14:10:53.png$[]
14:58:08-thiagosilvaleite-2017-06-19-14:10:34.png$[]
14:58:10-thiagosilvaleite-2017-06-19-14:10:50.png$[]
14:58:12-thiagosilvaleite-2017-06-19-14:10:50.png$[]
14:58:14-thiagosilvaleite-2017-06-19-14:10:54.png$[]
14:58:16-thiagosilvaleite-2017-06-19-14:10:54.png$[]
14:58:18-thiagosilvaleite-2017-06-19-14:11:11.png$[]
14:58:20-thiagosilvaleite-2017-06-19-14:11:01.png$[]
14:58:22-thiagosilvaleite-2017-06-19-14:11:08.png$[]
14:58:24-thiagosilvaleite-2017-06-19-14:11:07.png$[]
14:58:26-thiagosilvaleite-2017-06-19-14:11:14.png$[]
14:58:28-thiagosilvaleite-2017-06-19-14:11:02.png$[]
14:58:30-thiagosilvaleite-2017-06-19-14:11:09.png$[]
14:58:32-thiagosilvaleite-2017-06-19-14:11:11.png$[]
14:58:34-thiagosilvaleite-2017-06-19-14:11:27.png$[]
14:58:36-thiagosilvaleite-2017-06-19-14:11:35.png$[]
14:58:38-thiagosilvaleite-2017-06-19-14:11:20.png$[]
14:58:40-thiagosilvaleite-2017-06-19-14:11:31.png$[]
14:58:42-thiagosilvaleite-2017-06-19-14:11:40.png$[]
14:58:44-thiagosilvaleite-2017-06-19-14:11:28.png$[]
14:58:46-thiagosilvaleite-2017-06-19-14:11:28.png$[]
14:58:48-thiagosilvaleite-2017-06-19-14:11:47.png$[]
14:58:50-thiagosilvaleite-2017-06-19-14:11:35.png$[]
14:58:52-thiagosilvaleite-2017-06-19-14:11:50.png$[]
14:58:54-thiagosilvaleite-2017-06-19-14:11:57.png$[]
14:58:56-thiagosilvaleite-2017-06-19-14:11:48.png$[]
14:58:58-thiagosilvaleite-2017-06-19-14:12:05.png$[]
14:59:00-thiagosilvaleite-2017-06-19-14:11:54.png$[]
14:59:02-thiagosilvaleite-2017-06-19-14:13:04.png$[]
14:59:04-thiagosilvaleite-2017-06-19-14:12:01.png$[]
14:59:06-thiagosilvaleite-2017-06-19-14:13:08.png$[]
14:59:08-thiagosilvaleite-2017-06-19-14:13:10.png$[]
14:59:10-thiagosilvaleite-2017-06-19-14:12:51.png$[]
14:59:12-thiagosilvaleite-2017-06-19-14:13:06.png$[]
14:59:14-thiagosilvaleite-2017-06-19-14:13:10.png$[]
14:59:16-thiagosilvaleite-2017-06-19-14:13:22.png$[]
14:59:18-thiagosilvaleite-2017-06-19-14:13:24.png$[]
14:59:20-thiagosilvaleite-2017-06-19-14:13:28.png$[{"faceRectangle":{"height":102,"left":275,"top":362,"width":102},"scores":{"anger":5.366526E-06,"contempt":0.000367702218,"disgust":4.58453E-05,"fear":1.862438E-06,"happiness":2.09741011E-05,"neutral":0.9963772,"sadness":0.00291506387,"surprise":0.0002659495}}]
14:59:22-thiagosilvaleite-2017-06-19-14:13:44.png$[]
14:59:24-thiagosilvaleite-2017-06-19-14:13:51.png$[]
14:59:26-thiagosilvaleite-2017-06-19-14:13:48.png$[]
14:59:28-thiagosilvaleite-2017-06-19-14:14:17.png$[]
14:59:30-thiagosilvaleite-2017-06-19-14:14:07.png$[]
14:59:32-thiagosilvaleite-2017-06-19-14:13:57.png$[]
14:59:34-thiagosilvaleite-2017-06-19-14:14:11.png$[]
14:59:36-thiagosilvaleite-2017-06-19-14:14:18.png$[]
14:59:38-thiagosilvaleite-2017-06-19-14:14:23.png$[]
14:59:40-thiagosilvaleite-2017-06-19-14:14:27.png$[]
14:59:42-thiagosilvaleite-2017-06-19-14:14:34.png$[]
14:59:44-thiagosilvaleite-2017-06-19-14:14:33.png$[]
14:59:46-thiagosilvaleite-2017-06-19-14:14:33.png$[]
14:59:48-thiagosilvaleite-2017-06-19-14:14:32.png$[]
14:59:50-thiagosilvaleite-2017-06-19-14:14:42.png$[]
14:59:52-thiagosilvaleite-2017-06-19-14:14:37.png$[]
14:59:54-thiagosilvaleite-2017-06-19-14:14:48.png$[]
14:59:56-thiagosilvaleite-2017-06-19-14:14:49.png$[]
14:59:58-thiagosilvaleite-2017-06-19-14:14:48.png$[]
15:00:00-thiagosilvaleite-2017-06-19-14:14:50.png$[]
15:00:02-thiagosilvaleite-2017-06-19-14:14:41.png$[]
15:00:04-thiagosilvaleite-2017-06-19-14:14:46.png$[]
15:00:06-thiagosilvaleite-2017-06-19-14:14:50.png$[]
15:00:08-thiagosilvaleite-2017-06-19-14:14:50.png$[]
15:00:10-thiagosilvaleite-2017-06-19-14:15:11.png$[]
15:00:12-thiagosilvaleite-2017-06-19-14:15:11.png$[]
15:00:14-thiagosilvaleite-2017-06-19-14:15:16.png$[]
15:00:16-thiagosilvaleite-2017-06-19-14:15:13.png$[]
15:00:18-thiagosilvaleite-2017-06-19-14:14:58.png$[]
15:00:20-thiagosilvaleite-2017-06-19-14:14:57.png$[]
15:00:22-thiagosilvaleite-2017-06-19-14:15:02.png$[]
15:00:24-thiagosilvaleite-2017-06-19-14:15:03.png$[]
15:00:26-thiagosilvaleite-2017-06-19-14:15:10.png$[]
15:00:28-thiagosilvaleite-2017-06-19-14:15:12.png$[]
15:00:30-thiagosilvaleite-2017-06-19-14:15:16.png$[{"faceRectangle":{"height":161,"left":291,"top":305,"width":161},"scores":{"anger":0.000186243342,"contempt":0.000240777415,"disgust":5.52457132E-05,"fear":0.000438782125,"happiness":0.0002558676,"neutral":0.918932557,"sadness":0.07721568,"surprise":0.00267484551}}]
15:00:32-thiagosilvaleite-2017-06-19-14:15:34.png$[{"faceRectangle":{"height":166,"left":300,"top":305,"width":166},"scores":{"anger":0.00315297372,"contempt":0.000474972156,"disgust":0.0009160219,"fear":0.0009340068,"happiness":0.00164056546,"neutral":0.9528869,"sadness":0.035796646,"surprise":0.004197921}}]
15:00:34-thiagosilvaleite-2017-06-19-14:15:15.png$[]
15:00:36-thiagosilvaleite-2017-06-19-14:15:37.png$[]
15:00:38-thiagosilvaleite-2017-06-19-14:15:39.png$[]
15:00:40-thiagosilvaleite-2017-06-19-14:15:59.png$[]
15:00:42-thiagosilvaleite-2017-06-19-14:16:13.png$[]
15:00:44-thiagosilvaleite-2017-06-19-14:15:59.png$[]
15:00:46-thiagosilvaleite-2017-06-19-14:16:03.png$[]
15:00:48-thiagosilvaleite-2017-06-19-14:16:15.png$[]
15:00:50-thiagosilvaleite-2017-06-19-14:16:25.png$[]
15:00:52-thiagosilvaleite-2017-06-19-14:16:39.png$[]
15:00:54-thiagosilvaleite-2017-06-19-14:17:10.png$[]
15:00:56-thiagosilvaleite-2017-06-19-14:17:22.png$[]
15:00:58-thiagosilvaleite-2017-06-19-14:17:17.png$[]
15:24:04-thiagosilvaleite-2017-06-19-14:24:36.png$[]
15:24:09-thiagosilvaleite-2017-06-19-14:24:23.png$[]
15:24:14-thiagosilvaleite-2017-06-19-14:24:46.png$[]
15:24:19-thiagosilvaleite-2017-06-19-14:24:43.png$[{"faceRectangle":{"height":89,"left":211,"top":390,"width":104},"scores":{"anger":5.39749526E-05,"contempt":0.00101353775,"disgust":6.675081E-05,"fear":0.000238089167,"happiness":0.00239534583,"neutral":0.968182564,"sadness":0.005601017,"surprise":0.0224487465}}]
15:24:24-thiagosilvaleite-2017-06-19-14:24:30.png$[]
15:24:29-thiagosilvaleite-2017-06-19-14:24:33.png$[]
15:24:34-thiagosilvaleite-2017-06-19-14:25:19.png$[]
15:24:39-thiagosilvaleite-2017-06-19-14:24:40.png$[]
15:24:44-thiagosilvaleite-2017-06-19-14:24:57.png$[]
15:24:49-thiagosilvaleite-2017-06-19-14:24:58.png$[]
15:24:54-thiagosilvaleite-2017-06-19-14:25:19.png$[]
15:24:59-thiagosilvaleite-2017-06-19-14:25:26.png$[]
15:25:04-thiagosilvaleite-2017-06-19-14:25:06.png$[]
15:25:09-thiagosilvaleite-2017-06-19-14:25:10.png$[]
15:25:14-thiagosilvaleite-2017-06-19-14:25:23.png$[]
15:25:19-thiagosilvaleite-2017-06-19-14:25:21.png$[]
15:25:24-thiagosilvaleite-2017-06-19-14:25:26.png$[]
15:25:29-thiagosilvaleite-2017-06-19-14:25:31.png$[]
15:25:34-thiagosilvaleite-2017-06-19-14:25:36.png$[]
15:25:39-thiagosilvaleite-2017-06-19-14:25:41.png$[]
15:35:42-thiagosilvaleite-2017-06-19-14:35:43.png$[]
15:35:47-thiagosilvaleite-2017-06-19-14:35:48.png$[]
15:35:52-thiagosilvaleite-2017-06-19-14:35:53.png$[]
15:35:57-thiagosilvaleite-2017-06-19-14:35:58.png$[]
15:36:02-thiagosilvaleite-2017-06-19-14:36:03.png$[]
15:36:07-thiagosilvaleite-2017-06-19-14:36:08.png$[]
15:36:12-thiagosilvaleite-2017-06-19-14:36:13.png$[]
15:36:17-thiagosilvaleite-2017-06-19-14:36:18.png$[]
15:36:22-thiagosilvaleite-2017-06-19-14:36:23.png$[]
15:36:27-thiagosilvaleite-2017-06-19-14:36:28.png$[]
15:36:32-thiagosilvaleite-2017-06-19-14:36:33.png$[]
15:36:37-thiagosilvaleite-2017-06-19-14:36:38.png$[]
15:36:42-thiagosilvaleite-2017-06-19-14:36:43.png$[]
15:36:47-thiagosilvaleite-2017-06-19-14:36:48.png$[]
15:36:52-thiagosilvaleite-2017-06-19-14:36:53.png$[]
15:36:57-thiagosilvaleite-2017-06-19-14:36:58.png$[]
15:37:02-thiagosilvaleite-2017-06-19-14:37:03.png$[]
15:37:07-thiagosilvaleite-2017-06-19-14:37:08.png$[]
15:37:12-thiagosilvaleite-2017-06-19-14:37:13.png$[]
15:37:17-thiagosilvaleite-2017-06-19-14:37:18.png$[]
15:37:22-thiagosilvaleite-2017-06-19-14:37:23.png$[]
15:37:27-thiagosilvaleite-2017-06-19-14:37:28.png$[]
15:37:32-thiagosilvaleite-2017-06-19-14:37:33.png$[]
15:37:37-thiagosilvaleite-2017-06-19-14:37:38.png$[]
15:37:42-thiagosilvaleite-2017-06-19-14:37:43.png$[]
15:37:47-thiagosilvaleite-2017-06-19-14:37:48.png$[]
15:37:52-thiagosilvaleite-2017-06-19-14:37:53.png$[]
15:37:57-thiagosilvaleite-2017-06-19-14:37:58.png$[]
15:38:02-thiagosilvaleite-2017-06-19-14:38:03.png$[]
15:38:07-thiagosilvaleite-2017-06-19-14:38:08.png$[]
15:38:12-thiagosilvaleite-2017-06-19-14:38:13.png$[]
15:38:17-thiagosilvaleite-2017-06-19-14:38:18.png$[]
15:38:22-thiagosilvaleite-2017-06-19-14:38:23.png$[]
15:38:27-thiagosilvaleite-2017-06-19-14:38:28.png$[]
15:38:32-thiagosilvaleite-2017-06-19-14:38:33.png$[]
15:38:37-thiagosilvaleite-2017-06-19-14:38:38.png$[]
15:38:42-thiagosilvaleite-2017-06-19-14:38:43.png$[]
15:38:47-thiagosilvaleite-2017-06-19-14:38:48.png$[]
15:38:52-thiagosilvaleite-2017-06-19-14:38:53.png$[]
15:38:57-thiagosilvaleite-2017-06-19-14:38:58.png$[]
15:39:02-thiagosilvaleite-2017-06-19-14:39:03.png$[]
15:39:07-thiagosilvaleite-2017-06-19-14:39:08.png$[]
15:39:12-thiagosilvaleite-2017-06-19-14:39:13.png$[]
15:39:17-thiagosilvaleite-2017-06-19-14:39:18.png$[]
15:39:22-thiagosilvaleite-2017-06-19-14:39:23.png$[]
15:39:27-thiagosilvaleite-2017-06-19-14:39:28.png$[]
15:39:32-thiagosilvaleite-2017-06-19-14:39:33.png$[]
15:39:37-thiagosilvaleite-2017-06-19-14:39:38.png$[]
15:39:42-thiagosilvaleite-2017-06-19-14:39:43.png$[]
15:39:47-thiagosilvaleite-2017-06-19-14:39:48.png$[]
15:39:52-thiagosilvaleite-2017-06-19-14:39:53.png$[]
15:39:57-thiagosilvaleite-2017-06-19-14:39:58.png$[]
15:40:02-thiagosilvaleite-2017-06-19-14:40:03.png$[]
15:40:07-thiagosilvaleite-2017-06-19-14:40:08.png$[]
15:40:12-thiagosilvaleite-2017-06-19-14:40:13.png$[]
15:40:17-thiagosilvaleite-2017-06-19-14:40:18.png$[]
15:40:22-thiagosilvaleite-2017-06-19-14:40:23.png$[]
15:40:27-thiagosilvaleite-2017-06-19-14:40:28.png$[]
15:40:32-thiagosilvaleite-2017-06-19-14:40:33.png$[]
15:40:37-thiagosilvaleite-2017-06-19-14:40:38.png$[]
15:40:42-thiagosilvaleite-2017-06-19-14:40:43.png$[]
15:40:47-thiagosilvaleite-2017-06-19-14:40:48.png$[]
15:40:52-thiagosilvaleite-2017-06-19-14:40:53.png$[{"faceRectangle":{"height":160,"left":277,"top":319,"width":190},"scores":{"anger":0.004569315,"contempt":0.0255903173,"disgust":0.00567667745,"fear":0.0169299021,"happiness":0.00301518268,"neutral":0.741631,"sadness":0.08107457,"surprise":0.121513084}}]
15:40:57-thiagosilvaleite-2017-06-19-14:41:03.png$[]
15:41:02-thiagosilvaleite-2017-06-19-14:41:04.png$[]
15:41:07-thiagosilvaleite-2017-06-19-14:41:08.png$[]
15:41:12-thiagosilvaleite-2017-06-19-14:41:13.png$[]
15:41:17-thiagosilvaleite-2017-06-19-14:41:18.png$[]
15:41:22-thiagosilvaleite-2017-06-19-14:41:23.png$[]
15:41:27-thiagosilvaleite-2017-06-19-14:41:28.png$[]
15:41:32-thiagosilvaleite-2017-06-19-14:41:33.png$[]
15:41:37-thiagosilvaleite-2017-06-19-14:41:38.png$[]
15:41:42-thiagosilvaleite-2017-06-19-14:41:43.png$[{"faceRectangle":{"height":193,"left":236,"top":286,"width":205},"scores":{"anger":0.000311709475,"contempt":0.006091483,"disgust":0.0013385386,"fear":0.0003484282,"happiness":0.0003857624,"neutral":0.9474708,"sadness":0.03928663,"surprise":0.00476667238}}]
15:41:47-thiagosilvaleite-2017-06-19-14:41:48.png$[]
15:41:52-thiagosilvaleite-2017-06-19-14:41:53.png$[]
15:41:57-thiagosilvaleite-2017-06-19-14:41:58.png$[]
15:42:02-thiagosilvaleite-2017-06-19-14:42:03.png$[]
15:42:07-thiagosilvaleite-2017-06-19-14:42:08.png$[]
15:42:12-thiagosilvaleite-2017-06-19-14:42:13.png$[]
15:42:17-thiagosilvaleite-2017-06-19-14:42:18.png$[]
15:42:22-thiagosilvaleite-2017-06-19-14:42:23.png$[]
15:42:27-thiagosilvaleite-2017-06-19-14:42:28.png$[]
15:42:32-thiagosilvaleite-2017-06-19-14:42:33.png$[]
15:42:37-thiagosilvaleite-2017-06-19-14:42:38.png$[]
15:42:42-thiagosilvaleite-2017-06-19-14:42:43.png$[]
15:42:47-thiagosilvaleite-2017-06-19-14:42:48.png$[]
15:42:52-thiagosilvaleite-2017-06-19-14:42:53.png$[]
15:42:57-thiagosilvaleite-2017-06-19-14:42:58.png$[]
15:43:02-thiagosilvaleite-2017-06-19-14:43:03.png$[{"faceRectangle":{"height":180,"left":188,"top":299,"width":187},"scores":{"anger":4.21878831E-05,"contempt":0.0007822834,"disgust":0.000328789174,"fear":3.01400851E-05,"happiness":3.7155336E-05,"neutral":0.9313846,"sadness":0.06650782,"surprise":0.0008870233}}]
15:43:07-thiagosilvaleite-2017-06-19-14:43:08.png$[]
15:43:12-thiagosilvaleite-2017-06-19-14:43:13.png$[]
15:43:17-thiagosilvaleite-2017-06-19-14:43:18.png$[]
15:43:22-thiagosilvaleite-2017-06-19-14:43:23.png$[]
15:43:27-thiagosilvaleite-2017-06-19-14:43:28.png$[]
15:43:32-thiagosilvaleite-2017-06-19-14:43:33.png$[]
15:43:37-thiagosilvaleite-2017-06-19-14:43:38.png$[]
15:43:42-thiagosilvaleite-2017-06-19-14:43:43.png$[]
15:43:47-thiagosilvaleite-2017-06-19-14:43:48.png$[{"faceRectangle":{"height":130,"left":250,"top":349,"width":138},"scores":{"anger":2.77543077E-05,"contempt":0.00217083073,"disgust":6.58779245E-05,"fear":4.83471831E-06,"happiness":0.0551754832,"neutral":0.9406998,"sadness":0.0011950545,"surprise":0.000660355843}}]
15:43:52-thiagosilvaleite-2017-06-19-14:43:53.png$[]
15:43:57-thiagosilvaleite-2017-06-19-14:43:58.png$[]
15:44:02-thiagosilvaleite-2017-06-19-14:44:03.png$[]
15:44:07-thiagosilvaleite-2017-06-19-14:44:08.png$[]
15:44:12-thiagosilvaleite-2017-06-19-14:44:13.png$[]
15:44:17-thiagosilvaleite-2017-06-19-14:44:18.png$[]
15:44:22-thiagosilvaleite-2017-06-19-14:44:23.png$[]
15:44:27-thiagosilvaleite-2017-06-19-14:44:28.png$[]
15:44:32-thiagosilvaleite-2017-06-19-14:44:33.png$[]
15:44:37-thiagosilvaleite-2017-06-19-14:44:38.png$[{"faceRectangle":{"height":128,"left":253,"top":351,"width":149},"scores":{"anger":0.000179308408,"contempt":0.00125186809,"disgust":0.0006928746,"fear":0.00622176332,"happiness":0.000521329,"neutral":0.82732904,"sadness":0.140319228,"surprise":0.0234845653}}]
15:44:42-thiagosilvaleite-2017-06-19-14:44:43.png$[]
15:44:47-thiagosilvaleite-2017-06-19-14:44:48.png$[]
15:44:52-thiagosilvaleite-2017-06-19-14:44:53.png$[]
15:44:57-thiagosilvaleite-2017-06-19-14:44:58.png$[]
15:45:02-thiagosilvaleite-2017-06-19-14:45:03.png$[]
15:45:07-thiagosilvaleite-2017-06-19-14:45:08.png$[]
15:45:12-thiagosilvaleite-2017-06-19-14:45:13.png$[]
15:45:17-thiagosilvaleite-2017-06-19-14:45:18.png$[]
15:45:22-thiagosilvaleite-2017-06-19-14:45:23.png$[]
15:45:27-thiagosilvaleite-2017-06-19-14:45:28.png$[]
15:45:32-thiagosilvaleite-2017-06-19-14:45:33.png$[]
15:45:37-thiagosilvaleite-2017-06-19-14:45:38.png$[]
15:45:42-thiagosilvaleite-2017-06-19-14:45:43.png$[]
15:45:47-thiagosilvaleite-2017-06-19-14:45:48.png$[]
15:45:52-thiagosilvaleite-2017-06-19-14:45:53.png$[]
15:45:57-thiagosilvaleite-2017-06-19-14:45:58.png$[]
15:46:02-thiagosilvaleite-2017-06-19-14:46:03.png$[]
15:46:07-thiagosilvaleite-2017-06-19-14:46:08.png$[]
15:46:12-thiagosilvaleite-2017-06-19-14:46:13.png$[]
15:46:17-thiagosilvaleite-2017-06-19-14:46:18.png$[]
15:46:22-thiagosilvaleite-2017-06-19-14:46:23.png$[]
15:46:27-thiagosilvaleite-2017-06-19-14:46:28.png$[]
15:46:32-thiagosilvaleite-2017-06-19-14:46:33.png$[]
15:46:37-thiagosilvaleite-2017-06-19-14:46:38.png$[]
15:46:42-thiagosilvaleite-2017-06-19-14:46:44.png$[]
15:46:47-thiagosilvaleite-2017-06-19-14:46:48.png$[]
15:46:52-thiagosilvaleite-2017-06-19-14:46:53.png$[]
15:46:57-thiagosilvaleite-2017-06-19-14:46:58.png$[]
15:47:02-thiagosilvaleite-2017-06-19-14:47:03.png$[]
15:47:07-thiagosilvaleite-2017-06-19-14:47:08.png$[]
15:47:12-thiagosilvaleite-2017-06-19-14:47:13.png$[]
15:47:17-thiagosilvaleite-2017-06-19-14:47:18.png$[]
15:47:22-thiagosilvaleite-2017-06-19-14:47:23.png$[]
15:47:27-thiagosilvaleite-2017-06-19-14:47:28.png$[]
15:47:32-thiagosilvaleite-2017-06-19-14:47:33.png$[]
15:47:37-thiagosilvaleite-2017-06-19-14:47:38.png$[]
15:47:42-thiagosilvaleite-2017-06-19-14:47:43.png$[]
15:47:47-thiagosilvaleite-2017-06-19-14:47:48.png$[]
15:47:52-thiagosilvaleite-2017-06-19-14:47:53.png$[]
15:47:57-thiagosilvaleite-2017-06-19-14:47:58.png$[]
15:48:02-thiagosilvaleite-2017-06-19-14:48:03.png$[]
15:48:07-thiagosilvaleite-2017-06-19-14:48:08.png$[]
15:48:12-thiagosilvaleite-2017-06-19-14:48:13.png$[]
15:48:17-thiagosilvaleite-2017-06-19-14:48:18.png$[]
15:48:22-thiagosilvaleite-2017-06-19-14:48:23.png$[]
15:48:27-thiagosilvaleite-2017-06-19-14:48:28.png$[]
15:48:32-thiagosilvaleite-2017-06-19-14:48:33.png$[]
15:48:37-thiagosilvaleite-2017-06-19-14:48:38.png$[]
15:48:42-thiagosilvaleite-2017-06-19-14:48:43.png$[]
15:48:47-thiagosilvaleite-2017-06-19-14:48:48.png$[]
15:48:52-thiagosilvaleite-2017-06-19-14:48:53.png$[]
15:48:57-thiagosilvaleite-2017-06-19-14:48:58.png$[]
15:49:02-thiagosilvaleite-2017-06-19-14:49:03.png$[]
15:49:07-thiagosilvaleite-2017-06-19-14:49:08.png$[]
15:49:12-thiagosilvaleite-2017-06-19-14:49:13.png$[]
15:49:17-thiagosilvaleite-2017-06-19-14:49:18.png$[]
15:49:22-thiagosilvaleite-2017-06-19-14:49:23.png$[]
15:49:27-thiagosilvaleite-2017-06-19-14:49:28.png$[]
15:49:32-thiagosilvaleite-2017-06-19-14:49:33.png$[]
15:49:37-thiagosilvaleite-2017-06-19-14:49:38.png$[]
15:49:42-thiagosilvaleite-2017-06-19-14:49:45.png$[{"faceRectangle":{"height":176,"left":174,"top":303,"width":180},"scores":{"anger":0.000422949524,"contempt":0.00112631323,"disgust":0.000492307066,"fear":0.0217804667,"happiness":4.14936476E-05,"neutral":0.8539804,"sadness":0.0195244979,"surprise":0.102631539}}]
15:49:47-thiagosilvaleite-2017-06-19-14:49:48.png$[]
15:49:52-thiagosilvaleite-2017-06-19-14:49:53.png$[]
15:49:57-thiagosilvaleite-2017-06-19-14:49:58.png$[]
15:50:02-thiagosilvaleite-2017-06-19-14:50:03.png$[]
15:50:07-thiagosilvaleite-2017-06-19-14:50:08.png$[]
15:50:12-thiagosilvaleite-2017-06-19-14:50:13.png$[]
15:50:17-thiagosilvaleite-2017-06-19-14:50:18.png$[]
15:50:22-thiagosilvaleite-2017-06-19-14:50:23.png$[{"faceRectangle":{"height":126,"left":186,"top":353,"width":142},"scores":{"anger":0.001446971,"contempt":0.00304596,"disgust":0.0052623,"fear":0.000169463136,"happiness":0.00131880457,"neutral":0.8597284,"sadness":0.0297058783,"surprise":0.09932224}}]
15:50:27-thiagosilvaleite-2017-06-19-14:50:28.png$[]
15:50:32-thiagosilvaleite-2017-06-19-14:50:33.png$[]
15:50:37-thiagosilvaleite-2017-06-19-14:50:38.png$[]
15:50:42-thiagosilvaleite-2017-06-19-14:50:43.png$[]
15:50:47-thiagosilvaleite-2017-06-19-14:50:48.png$[{"faceRectangle":{"height":156,"left":265,"top":319,"width":156},"scores":{"anger":1.40836046E-05,"contempt":0.00133350946,"disgust":6.937351E-05,"fear":4.801167E-05,"happiness":3.683423E-05,"neutral":0.989938736,"sadness":0.007497383,"surprise":0.00106206175}}]
15:50:52-thiagosilvaleite-2017-06-19-14:50:53.png$[]
15:50:57-thiagosilvaleite-2017-06-19-14:50:58.png$[]
15:51:02-thiagosilvaleite-2017-06-19-14:51:03.png$[]
15:51:07-thiagosilvaleite-2017-06-19-14:51:08.png$[]
15:51:12-thiagosilvaleite-2017-06-19-14:51:14.png$[]
15:51:17-thiagosilvaleite-2017-06-19-14:51:18.png$[]
15:51:22-thiagosilvaleite-2017-06-19-14:51:23.png$[{"faceRectangle":{"height":136,"left":261,"top":298,"width":136},"scores":{"anger":0.000126639236,"contempt":0.000384241954,"disgust":0.00020566165,"fear":0.0001542172,"happiness":4.92246327E-05,"neutral":0.9752309,"sadness":0.0223288983,"surprise":0.001520234}}]
15:51:27-thiagosilvaleite-2017-06-19-14:51:28.png$[{"faceRectangle":{"height":239,"left":247,"top":240,"width":253},"scores":{"anger":0.000437839219,"contempt":0.00287574017,"disgust":0.000128083688,"fear":0.000293504272,"happiness":0.00018876433,"neutral":0.9899552,"sadness":0.00505378563,"surprise":0.00106707355}}]
15:51:32-thiagosilvaleite-2017-06-19-14:51:33.png$[{"faceRectangle":{"height":219,"left":297,"top":260,"width":256},"scores":{"anger":0.0002987194,"contempt":0.0007042104,"disgust":3.166136E-05,"fear":0.000182794465,"happiness":0.000352545874,"neutral":0.9928654,"sadness":0.004879154,"surprise":0.000685560633}}]
15:51:37-thiagosilvaleite-2017-06-19-14:51:38.png$[{"faceRectangle":{"height":219,"left":294,"top":260,"width":257},"scores":{"anger":0.0003446184,"contempt":0.00113870529,"disgust":1.8795412E-05,"fear":2.15073269E-05,"happiness":0.0009090368,"neutral":0.993873537,"sadness":0.00355904,"surprise":0.000134756192}}]
15:51:42-thiagosilvaleite-2017-06-19-14:51:43.png$[{"faceRectangle":{"height":218,"left":296,"top":261,"width":255},"scores":{"anger":0.00119039149,"contempt":0.00248600519,"disgust":0.00010644595,"fear":0.000155801463,"happiness":0.00164917752,"neutral":0.9863174,"sadness":0.00766069256,"surprise":0.000434066955}}]
15:51:47-thiagosilvaleite-2017-06-19-14:51:48.png$[{"faceRectangle":{"height":220,"left":300,"top":259,"width":255},"scores":{"anger":0.000788277946,"contempt":0.00293352082,"disgust":0.000170359068,"fear":0.000796472363,"happiness":0.002045355,"neutral":0.969172835,"sadness":0.0229379889,"surprise":0.00115521683}}]
15:51:52-thiagosilvaleite-2017-06-19-14:51:53.png$[{"faceRectangle":{"height":218,"left":305,"top":261,"width":249},"scores":{"anger":0.00194548361,"contempt":0.00252449024,"disgust":0.0005225084,"fear":0.004273699,"happiness":0.00260126754,"neutral":0.954917669,"sadness":0.02606235,"surprise":0.00715255458}}]
15:51:57-thiagosilvaleite-2017-06-19-14:51:58.png$[{"faceRectangle":{"height":216,"left":310,"top":263,"width":243},"scores":{"anger":0.000325506116,"contempt":0.002056854,"disgust":9.092253E-05,"fear":0.000411559915,"happiness":0.00316731143,"neutral":0.915672541,"sadness":0.07749908,"surprise":0.0007762334}}]
15:52:02-thiagosilvaleite-2017-06-19-14:52:03.png$[{"faceRectangle":{"height":218,"left":305,"top":261,"width":254},"scores":{"anger":0.000753779139,"contempt":0.00273493631,"disgust":0.00026623247,"fear":0.00113664963,"happiness":0.00422909437,"neutral":0.877328932,"sadness":0.111598276,"surprise":0.00195209135}}]
15:52:07-thiagosilvaleite-2017-06-19-14:52:08.png$[{"faceRectangle":{"height":210,"left":352,"top":269,"width":213},"scores":{"anger":0.000599157647,"contempt":0.002865895,"disgust":0.000686882646,"fear":0.001534862,"happiness":0.00126254791,"neutral":0.914571047,"sadness":0.07589037,"surprise":0.00258926349}}]
15:52:12-thiagosilvaleite-2017-06-19-14:52:13.png$[]
15:52:17-thiagosilvaleite-2017-06-19-14:52:18.png$[]
15:52:22-thiagosilvaleite-2017-06-19-14:52:23.png$[]
15:52:27-thiagosilvaleite-2017-06-19-14:52:28.png$[]
15:52:32-thiagosilvaleite-2017-06-19-14:52:33.png$[]
15:52:37-thiagosilvaleite-2017-06-19-14:52:38.png$[]
15:52:42-thiagosilvaleite-2017-06-19-14:52:43.png$[]
15:52:47-thiagosilvaleite-2017-06-19-14:52:48.png$[]
15:52:52-thiagosilvaleite-2017-06-19-14:52:53.png$[]
15:52:57-thiagosilvaleite-2017-06-19-14:52:58.png$[]
15:53:02-thiagosilvaleite-2017-06-19-14:53:03.png$[]
15:53:07-thiagosilvaleite-2017-06-19-14:53:08.png$[]
15:53:12-thiagosilvaleite-2017-06-19-14:53:13.png$[]
15:53:17-thiagosilvaleite-2017-06-19-14:53:18.png$[]
15:53:22-thiagosilvaleite-2017-06-19-14:53:23.png$[]
15:53:27-thiagosilvaleite-2017-06-19-14:53:28.png$[]
15:53:32-thiagosilvaleite-2017-06-19-14:53:33.png$[]
15:53:37-thiagosilvaleite-2017-06-19-14:53:38.png$[]
15:53:42-thiagosilvaleite-2017-06-19-14:53:43.png$[]
15:53:47-thiagosilvaleite-2017-06-19-14:53:48.png$[]
15:53:52-thiagosilvaleite-2017-06-19-14:53:53.png$[]
15:53:57-thiagosilvaleite-2017-06-19-14:53:58.png$[]
15:54:02-thiagosilvaleite-2017-06-19-14:54:03.png$[]
15:54:07-thiagosilvaleite-2017-06-19-14:54:08.png$[]
15:54:12-thiagosilvaleite-2017-06-19-14:54:14.png$[]
15:54:17-thiagosilvaleite-2017-06-19-14:54:18.png$[]
15:54:22-thiagosilvaleite-2017-06-19-14:54:23.png$[]
15:54:27-thiagosilvaleite-2017-06-19-14:54:28.png$[]
15:54:32-thiagosilvaleite-2017-06-19-14:54:33.png$[]
15:54:37-thiagosilvaleite-2017-06-19-14:54:38.png$[]
15:54:42-thiagosilvaleite-2017-06-19-14:54:43.png$[]
15:54:47-thiagosilvaleite-2017-06-19-14:54:48.png$[]
15:54:52-thiagosilvaleite-2017-06-19-14:54:53.png$[]
15:54:57-thiagosilvaleite-2017-06-19-14:54:58.png$[]
15:55:02-thiagosilvaleite-2017-06-19-14:55:03.png$[]
15:55:07-thiagosilvaleite-2017-06-19-14:55:08.png$[]
15:55:12-thiagosilvaleite-2017-06-19-14:55:13.png$[{"faceRectangle":{"height":143,"left":196,"top":336,"width":162},"scores":{"anger":0.000486933277,"contempt":0.009367164,"disgust":0.00292756851,"fear":0.00626349263,"happiness":0.00117465074,"neutral":0.812066555,"sadness":0.1497025,"surprise":0.0180111565}}]
15:55:17-thiagosilvaleite-2017-06-19-14:55:18.png$[]
15:55:22-thiagosilvaleite-2017-06-19-14:55:23.png$[]
15:55:27-thiagosilvaleite-2017-06-19-14:55:28.png$[]
15:55:32-thiagosilvaleite-2017-06-19-14:55:33.png$[{"faceRectangle":{"height":133,"left":194,"top":346,"width":167},"scores":{"anger":0.000232027072,"contempt":0.000607114052,"disgust":0.0001830587,"fear":0.0126216523,"happiness":3.54160074E-05,"neutral":0.526646256,"sadness":0.4342208,"surprise":0.025453655}}]
15:55:37-thiagosilvaleite-2017-06-19-14:55:38.png$[]
15:55:42-thiagosilvaleite-2017-06-19-14:55:45.png$[]
15:55:47-thiagosilvaleite-2017-06-19-14:55:48.png$[]
15:55:52-thiagosilvaleite-2017-06-19-14:55:53.png$[]
15:55:57-thiagosilvaleite-2017-06-19-14:55:58.png$[]
15:56:02-thiagosilvaleite-2017-06-19-14:56:03.png$[]
15:56:07-thiagosilvaleite-2017-06-19-14:56:08.png$[]
15:56:12-thiagosilvaleite-2017-06-19-14:56:13.png$[]
15:56:17-thiagosilvaleite-2017-06-19-14:56:18.png$[]
15:56:22-thiagosilvaleite-2017-06-19-14:56:23.png$[]
15:56:27-thiagosilvaleite-2017-06-19-14:56:28.png$[]
15:56:32-thiagosilvaleite-2017-06-19-14:56:33.png$[]
15:56:37-thiagosilvaleite-2017-06-19-14:56:38.png$[]
15:56:42-thiagosilvaleite-2017-06-19-14:56:43.png$[]
15:56:47-thiagosilvaleite-2017-06-19-14:56:48.png$[{"faceRectangle":{"height":118,"left":227,"top":361,"width":138},"scores":{"anger":0.00033968396,"contempt":0.00217477465,"disgust":0.000680150057,"fear":0.000115086608,"happiness":0.00151116494,"neutral":0.936895847,"sadness":0.0445413552,"surprise":0.0137419188}}]
15:56:52-thiagosilvaleite-2017-06-19-14:56:53.png$[]
15:56:57-thiagosilvaleite-2017-06-19-14:56:58.png$[]
15:57:02-thiagosilvaleite-2017-06-19-14:57:03.png$[]
15:57:07-thiagosilvaleite-2017-06-19-14:57:08.png$[]
15:57:12-thiagosilvaleite-2017-06-19-14:57:13.png$[]
15:57:17-thiagosilvaleite-2017-06-19-14:57:18.png$[]
15:57:22-thiagosilvaleite-2017-06-19-14:57:23.png$[]
15:57:27-thiagosilvaleite-2017-06-19-14:57:28.png$[]
15:57:32-thiagosilvaleite-2017-06-19-14:57:33.png$[]
15:57:37-thiagosilvaleite-2017-06-19-14:57:38.png$[]
15:57:42-thiagosilvaleite-2017-06-19-14:57:43.png$[]
15:57:47-thiagosilvaleite-2017-06-19-14:57:48.png$[]
15:57:52-thiagosilvaleite-2017-06-19-14:57:53.png$[]
15:57:57-thiagosilvaleite-2017-06-19-14:57:58.png$[]
15:58:02-thiagosilvaleite-2017-06-19-14:58:03.png$[]
15:58:07-thiagosilvaleite-2017-06-19-14:58:08.png$[]
15:58:12-thiagosilvaleite-2017-06-19-14:58:13.png$[]
15:58:17-thiagosilvaleite-2017-06-19-14:58:18.png$[]
15:58:22-thiagosilvaleite-2017-06-19-14:58:23.png$[]
15:58:27-thiagosilvaleite-2017-06-19-14:58:28.png$[]
15:58:32-thiagosilvaleite-2017-06-19-14:58:33.png$[]
15:58:37-thiagosilvaleite-2017-06-19-14:58:38.png$[]
15:58:42-thiagosilvaleite-2017-06-19-14:58:43.png$[]
15:58:47-thiagosilvaleite-2017-06-19-14:58:48.png$[]
15:58:52-thiagosilvaleite-2017-06-19-14:58:53.png$[]
15:58:57-thiagosilvaleite-2017-06-19-14:58:58.png$[]
15:59:02-thiagosilvaleite-2017-06-19-14:59:03.png$[]
15:59:07-thiagosilvaleite-2017-06-19-14:59:08.png$[]
15:59:12-thiagosilvaleite-2017-06-19-14:59:13.png$[]
15:59:17-thiagosilvaleite-2017-06-19-14:59:18.png$[]
15:59:22-thiagosilvaleite-2017-06-19-14:59:23.png$[]
15:59:27-thiagosilvaleite-2017-06-19-14:59:28.png$[]
15:59:32-thiagosilvaleite-2017-06-19-14:59:33.png$[]
15:59:37-thiagosilvaleite-2017-06-19-14:59:38.png$[]
15:59:42-thiagosilvaleite-2017-06-19-14:59:43.png$[{"faceRectangle":{"height":128,"left":352,"top":337,"width":128},"scores":{"anger":4.107109E-05,"contempt":0.001083732,"disgust":0.0002895457,"fear":0.000208492667,"happiness":2.38195462E-05,"neutral":0.971901059,"sadness":0.0230618212,"surprise":0.00339045166}}]
15:59:47-thiagosilvaleite-2017-06-19-14:59:48.png$[]
15:59:52-thiagosilvaleite-2017-06-19-14:59:53.png$[]
15:59:57-thiagosilvaleite-2017-06-19-14:59:58.png$[]
16:00:02-thiagosilvaleite-2017-06-19-15:00:03.png$[]
16:00:07-thiagosilvaleite-2017-06-19-15:00:08.png$[]
16:00:12-thiagosilvaleite-2017-06-19-15:00:13.png$[]
16:00:17-thiagosilvaleite-2017-06-19-15:00:18.png$[]
16:00:22-thiagosilvaleite-2017-06-19-15:00:23.png$[]
16:00:27-thiagosilvaleite-2017-06-19-15:00:28.png$[]
16:00:32-thiagosilvaleite-2017-06-19-15:00:33.png$[]
16:00:37-thiagosilvaleite-2017-06-19-15:00:38.png$[]
16:00:42-thiagosilvaleite-2017-06-19-15:00:43.png$[]
16:00:47-thiagosilvaleite-2017-06-19-15:00:48.png$[]
16:00:52-thiagosilvaleite-2017-06-19-15:00:53.png$[]
16:00:57-thiagosilvaleite-2017-06-19-15:00:58.png$[]
16:01:02-thiagosilvaleite-2017-06-19-15:01:03.png$[]
16:01:07-thiagosilvaleite-2017-06-19-15:01:08.png$[]
16:01:12-thiagosilvaleite-2017-06-19-15:01:13.png$[]
16:01:17-thiagosilvaleite-2017-06-19-15:01:19.png$[]
16:01:22-thiagosilvaleite-2017-06-19-15:01:23.png$[]
16:01:27-thiagosilvaleite-2017-06-19-15:01:28.png$[]
16:01:32-thiagosilvaleite-2017-06-19-15:01:33.png$[]
16:01:37-thiagosilvaleite-2017-06-19-15:01:38.png$[]
16:01:42-thiagosilvaleite-2017-06-19-15:01:43.png$[]
16:01:47-thiagosilvaleite-2017-06-19-15:01:48.png$[]
16:01:52-thiagosilvaleite-2017-06-19-15:01:53.png$[{"faceRectangle":{"height":139,"left":217,"top":340,"width":190},"scores":{"anger":0.000435616443,"contempt":0.00138836983,"disgust":0.00041383598,"fear":0.0132438438,"happiness":0.0005555638,"neutral":0.51699394,"sadness":0.275565,"surprise":0.191403836}}]
16:01:57-thiagosilvaleite-2017-06-19-15:01:58.png$[]
16:02:02-thiagosilvaleite-2017-06-19-15:02:03.png$[]
16:02:07-thiagosilvaleite-2017-06-19-15:02:08.png$[]
16:02:12-thiagosilvaleite-2017-06-19-15:02:13.png$[]
16:02:17-thiagosilvaleite-2017-06-19-15:02:18.png$[]
16:02:22-thiagosilvaleite-2017-06-19-15:02:23.png$[]
16:02:27-thiagosilvaleite-2017-06-19-15:02:28.png$[]
16:02:32-thiagosilvaleite-2017-06-19-15:02:33.png$[]
16:02:37-thiagosilvaleite-2017-06-19-15:02:38.png$[]
16:02:42-thiagosilvaleite-2017-06-19-15:02:43.png$[]
16:02:47-thiagosilvaleite-2017-06-19-15:02:48.png$[]
16:02:52-thiagosilvaleite-2017-06-19-15:02:53.png$[]
16:02:57-thiagosilvaleite-2017-06-19-15:02:58.png$[]
16:03:02-thiagosilvaleite-2017-06-19-15:03:03.png$[]
16:03:07-thiagosilvaleite-2017-06-19-15:03:08.png$[]
16:03:12-thiagosilvaleite-2017-06-19-15:03:13.png$[]
16:03:17-thiagosilvaleite-2017-06-19-15:03:18.png$[]
16:03:22-thiagosilvaleite-2017-06-19-15:03:23.png$[]
16:03:27-thiagosilvaleite-2017-06-19-15:03:28.png$[]
16:03:32-thiagosilvaleite-2017-06-19-15:03:33.png$[]
16:03:37-thiagosilvaleite-2017-06-19-15:03:38.png$[]
16:03:42-thiagosilvaleite-2017-06-19-15:03:43.png$[]
16:03:47-thiagosilvaleite-2017-06-19-15:03:48.png$[]
16:03:52-thiagosilvaleite-2017-06-19-15:03:53.png$[]
16:03:57-thiagosilvaleite-2017-06-19-15:03:58.png$[]
16:04:02-thiagosilvaleite-2017-06-19-15:04:03.png$[]
16:04:07-thiagosilvaleite-2017-06-19-15:04:08.png$[]
16:04:12-thiagosilvaleite-2017-06-19-15:04:13.png$[]
16:04:17-thiagosilvaleite-2017-06-19-15:04:18.png$[]
16:04:22-thiagosilvaleite-2017-06-19-15:04:23.png$[]
16:04:27-thiagosilvaleite-2017-06-19-15:04:28.png$[]
16:04:32-thiagosilvaleite-2017-06-19-15:04:33.png$[]
16:04:37-thiagosilvaleite-2017-06-19-15:04:38.png$[]
16:04:42-thiagosilvaleite-2017-06-19-15:04:43.png$[]
16:04:47-thiagosilvaleite-2017-06-19-15:04:48.png$[]
16:04:52-thiagosilvaleite-2017-06-19-15:04:53.png$[]
16:04:57-thiagosilvaleite-2017-06-19-15:04:58.png$[]
16:05:02-thiagosilvaleite-2017-06-19-15:05:03.png$[]
16:05:07-thiagosilvaleite-2017-06-19-15:05:08.png$[]
16:05:12-thiagosilvaleite-2017-06-19-15:05:13.png$[]
16:05:17-thiagosilvaleite-2017-06-19-15:05:18.png$[]
16:05:22-thiagosilvaleite-2017-06-19-15:05:23.png$[]
16:05:27-thiagosilvaleite-2017-06-19-15:05:28.png$[]
16:05:32-thiagosilvaleite-2017-06-19-15:05:33.png$[]
16:05:37-thiagosilvaleite-2017-06-19-15:05:38.png$[]
16:05:42-thiagosilvaleite-2017-06-19-15:05:43.png$[]
16:05:47-thiagosilvaleite-2017-06-19-15:05:48.png$[]
16:05:52-thiagosilvaleite-2017-06-19-15:05:53.png$[{"faceRectangle":{"height":151,"left":288,"top":328,"width":170},"scores":{"anger":5.57912244E-05,"contempt":0.0028504096,"disgust":0.0001183757,"fear":0.007945042,"happiness":9.32244E-06,"neutral":0.906426966,"sadness":0.04346449,"surprise":0.03912959}}]
16:05:57-thiagosilvaleite-2017-06-19-15:05:58.png$[]
16:06:02-thiagosilvaleite-2017-06-19-15:06:03.png$[]
16:06:07-thiagosilvaleite-2017-06-19-15:06:08.png$[]
16:06:12-thiagosilvaleite-2017-06-19-15:06:13.png$[]
16:06:17-thiagosilvaleite-2017-06-19-15:06:18.png$[]
16:06:22-thiagosilvaleite-2017-06-19-15:06:23.png$[]
16:06:27-thiagosilvaleite-2017-06-19-15:06:28.png$[]
16:06:32-thiagosilvaleite-2017-06-19-15:06:33.png$[]
16:06:37-thiagosilvaleite-2017-06-19-15:06:38.png$[]
16:06:42-thiagosilvaleite-2017-06-19-15:06:43.png$[]
16:06:47-thiagosilvaleite-2017-06-19-15:06:48.png$[]
16:06:52-thiagosilvaleite-2017-06-19-15:06:53.png$[]
16:06:57-thiagosilvaleite-2017-06-19-15:06:58.png$[]
16:07:02-thiagosilvaleite-2017-06-19-15:07:03.png$[]
16:07:07-thiagosilvaleite-2017-06-19-15:07:08.png$[]
16:07:12-thiagosilvaleite-2017-06-19-15:07:13.png$[]
16:07:17-thiagosilvaleite-2017-06-19-15:07:18.png$[{"faceRectangle":{"height":197,"left":310,"top":282,"width":206},"scores":{"anger":0.000717878633,"contempt":0.00169640046,"disgust":0.0005812006,"fear":0.00655537751,"happiness":0.000346198532,"neutral":0.939743757,"sadness":0.03832507,"surprise":0.0120341061}}]
16:07:22-thiagosilvaleite-2017-06-19-15:07:23.png$[{"faceRectangle":{"height":193,"left":293,"top":286,"width":206},"scores":{"anger":0.000194452325,"contempt":0.026180476,"disgust":0.00122163352,"fear":0.00125758233,"happiness":0.000394752773,"neutral":0.440688,"sadness":0.5291909,"surprise":0.0008722066}}]
16:07:27-thiagosilvaleite-2017-06-19-15:07:28.png$[{"faceRectangle":{"height":192,"left":286,"top":287,"width":206},"scores":{"anger":0.003174063,"contempt":0.0239271075,"disgust":0.00315979565,"fear":0.0188801251,"happiness":0.0004569559,"neutral":0.8671074,"sadness":0.06297872,"surprise":0.0203158353}}]
16:07:32-thiagosilvaleite-2017-06-19-15:07:33.png$[{"faceRectangle":{"height":198,"left":302,"top":281,"width":209},"scores":{"anger":0.00016676019,"contempt":0.0048651346,"disgust":0.000227206241,"fear":0.00411585532,"happiness":0.000337037054,"neutral":0.820137441,"sadness":0.1663113,"surprise":0.00383930118}}]
16:07:37-thiagosilvaleite-2017-06-19-15:07:38.png$[]
16:07:42-thiagosilvaleite-2017-06-19-15:07:43.png$[{"faceRectangle":{"height":197,"left":262,"top":282,"width":234},"scores":{"anger":0.0008173425,"contempt":0.00483790645,"disgust":0.000238471664,"fear":0.004149996,"happiness":0.000178097776,"neutral":0.9435836,"sadness":0.04146189,"surprise":0.004732683}}]
16:07:47-thiagosilvaleite-2017-06-19-15:07:48.png$[{"faceRectangle":{"height":197,"left":272,"top":282,"width":227},"scores":{"anger":0.0003653815,"contempt":0.0012506186,"disgust":6.90664747E-05,"fear":0.0019412383,"happiness":3.81799073E-05,"neutral":0.979267,"sadness":0.008890489,"surprise":0.008178002}}]
16:07:52-thiagosilvaleite-2017-06-19-15:07:53.png$[{"faceRectangle":{"height":193,"left":275,"top":286,"width":216},"scores":{"anger":0.000113711685,"contempt":0.00275130617,"disgust":0.000110734021,"fear":0.000630877563,"happiness":8.530658E-05,"neutral":0.975807,"sadness":0.0184264332,"surprise":0.00207459345}}]
16:07:57-thiagosilvaleite-2017-06-19-15:07:58.png$[{"faceRectangle":{"height":163,"left":204,"top":316,"width":183},"scores":{"anger":0.000403499638,"contempt":0.00147467689,"disgust":0.000255856517,"fear":0.00419078348,"happiness":0.0005996472,"neutral":0.9495057,"sadness":0.0398460031,"surprise":0.003723864}}]
16:08:02-thiagosilvaleite-2017-06-19-15:08:03.png$[]
16:08:07-thiagosilvaleite-2017-06-19-15:08:08.png$[]
16:08:12-thiagosilvaleite-2017-06-19-15:08:13.png$[]
16:08:17-thiagosilvaleite-2017-06-19-15:08:18.png$[]
16:08:22-thiagosilvaleite-2017-06-19-15:08:23.png$[]
16:08:27-thiagosilvaleite-2017-06-19-15:08:28.png$[]
16:08:32-thiagosilvaleite-2017-06-19-15:08:33.png$[]
16:08:37-thiagosilvaleite-2017-06-19-15:08:38.png$[]
16:08:42-thiagosilvaleite-2017-06-19-15:08:43.png$[{"faceRectangle":{"height":136,"left":271,"top":343,"width":183},"scores":{"anger":0.00012929592,"contempt":0.000181352836,"disgust":5.11421858E-05,"fear":0.008710496,"happiness":8.313365E-05,"neutral":0.7519172,"sadness":0.04075376,"surprise":0.198173612}}]
16:08:47-thiagosilvaleite-2017-06-19-15:08:48.png$[]
16:08:52-thiagosilvaleite-2017-06-19-15:08:53.png$[]
16:08:57-thiagosilvaleite-2017-06-19-15:08:58.png$[]
16:09:02-thiagosilvaleite-2017-06-19-15:09:03.png$[]
16:09:07-thiagosilvaleite-2017-06-19-15:09:08.png$[]
16:09:12-thiagosilvaleite-2017-06-19-15:09:13.png$[]
16:09:17-thiagosilvaleite-2017-06-19-15:09:18.png$[]
