14:39:53-thiagosilvaleite-2017-06-19-13:40:21.png$[{"scores": {"fear": 0.007129237521439791, "surprise": 0.018322842195630074, "disgust": 0.0024120393209159374, "anger": 0.005360948853194714, "sadness": 0.009672650136053562, "contempt": 0.0024120393209159374, "neutral": 0.8864707350730896, "happiness": 0.07063154131174088}, "faceRectangle": {"width": 291, "height": 381, "left": 259, "top": 169}}]
14:39:54-thiagosilvaleite-2017-06-19-13:40:22.png$[{"scores": {"fear": 0.04849044233560562, "surprise": 0.02277442440390587, "disgust": 0.03537433594465256, "anger": 0.015413341112434864, "sadness": 0.06620626896619797, "contempt": 0.03537433594465256, "neutral": 0.8007251620292664, "happiness": 0.01101607270538807}, "faceRectangle": {"width": 398, "height": 480, "left": 324, "top": 237}}]
14:39:56-thiagosilvaleite-2017-06-19-13:40:27.png$[{"scores": {"fear": 0.03791726380586624, "surprise": 0.029051290825009346, "disgust": 0.009852474555373192, "anger": 0.0050454288721084595, "sadness": 0.03841029480099678, "contempt": 0.009852474555373192, "neutral": 0.8714324235916138, "happiness": 0.00829082541167736}, "faceRectangle": {"width": 441, "height": 470, "left": 309, "top": 280}}]
14:39:58-thiagosilvaleite-2017-06-19-13:40:28.png$[]
14:40:00-thiagosilvaleite-2017-06-19-13:40:41.png$[{"scores": {"fear": 0.016415933147072792, "surprise": 0.004304605536162853, "disgust": 0.01975961960852146, "anger": 0.010116629302501678, "sadness": 0.20864072442054749, "contempt": 0.01975961960852146, "neutral": 0.7325475811958313, "happiness": 0.008214940316975117}, "faceRectangle": {"width": 427, "height": 456, "left": 295, "top": 266}}]
14:40:02-thiagosilvaleite-2017-06-19-13:40:44.png$[]
14:40:04-thiagosilvaleite-2017-06-19-13:40:46.png$[]
14:40:06-thiagosilvaleite-2017-06-19-13:40:29.png$[]
14:40:08-thiagosilvaleite-2017-06-19-13:41:01.png$[]
14:40:10-thiagosilvaleite-2017-06-19-13:41:02.png$[]
14:40:12-thiagosilvaleite-2017-06-19-13:41:14.png$[]
14:40:14-thiagosilvaleite-2017-06-19-13:41:18.png$[]
14:40:16-thiagosilvaleite-2017-06-19-13:41:23.png$[]
14:40:18-thiagosilvaleite-2017-06-19-13:41:26.png$[]
14:40:20-thiagosilvaleite-2017-06-19-13:41:06.png$[]
14:40:22-thiagosilvaleite-2017-06-19-13:41:34.png$[]
14:40:24-thiagosilvaleite-2017-06-19-13:41:39.png$[]
14:40:26-thiagosilvaleite-2017-06-19-13:41:08.png$[]
14:40:28-thiagosilvaleite-2017-06-19-13:41:58.png$[]
14:40:30-thiagosilvaleite-2017-06-19-13:41:11.png$[]
14:40:32-thiagosilvaleite-2017-06-19-13:42:14.png$[]
14:40:34-thiagosilvaleite-2017-06-19-13:41:49.png$[]
14:40:36-thiagosilvaleite-2017-06-19-13:41:20.png$[]
14:40:38-thiagosilvaleite-2017-06-19-13:41:20.png$[]
14:40:40-thiagosilvaleite-2017-06-19-13:41:25.png$[]
14:40:42-thiagosilvaleite-2017-06-19-13:41:38.png$[]
14:40:44-thiagosilvaleite-2017-06-19-13:41:42.png$[]
14:40:46-thiagosilvaleite-2017-06-19-13:41:45.png$[]
14:40:48-thiagosilvaleite-2017-06-19-13:41:56.png$[]
14:40:50-thiagosilvaleite-2017-06-19-13:42:15.png$[]
14:40:52-thiagosilvaleite-2017-06-19-13:42:18.png$[]
14:40:54-thiagosilvaleite-2017-06-19-13:41:55.png$[]
14:40:56-thiagosilvaleite-2017-06-19-13:41:58.png$[]
14:40:58-thiagosilvaleite-2017-06-19-13:42:25.png$[]
14:41:00-thiagosilvaleite-2017-06-19-13:42:28.png$[]
14:41:02-thiagosilvaleite-2017-06-19-13:42:16.png$[]
14:41:04-thiagosilvaleite-2017-06-19-13:42:41.png$[]
14:41:06-thiagosilvaleite-2017-06-19-13:42:56.png$[]
14:41:08-thiagosilvaleite-2017-06-19-13:42:25.png$[]
14:41:10-thiagosilvaleite-2017-06-19-13:42:56.png$[]
14:41:12-thiagosilvaleite-2017-06-19-13:43:00.png$[]
14:41:14-thiagosilvaleite-2017-06-19-13:42:33.png$[]
14:41:16-thiagosilvaleite-2017-06-19-13:43:01.png$[]
14:41:18-thiagosilvaleite-2017-06-19-13:42:37.png$[]
14:41:20-thiagosilvaleite-2017-06-19-13:42:47.png$[]
14:41:22-thiagosilvaleite-2017-06-19-13:47:45.png$[]
14:41:24-thiagosilvaleite-2017-06-19-13:42:52.png$[{"scores": {"fear": 0.057318612933158875, "surprise": 0.15600159764289856, "disgust": 0.01746927946805954, "anger": 0.006256218999624252, "sadness": 0.024416787549853325, "contempt": 0.01746927946805954, "neutral": 0.7324146032333374, "happiness": 0.006122888531535864}, "faceRectangle": {"width": 458, "height": 480, "left": 323, "top": 271}}]
14:41:26-thiagosilvaleite-2017-06-19-13:42:56.png$[]
14:41:28-thiagosilvaleite-2017-06-19-13:43:22.png$[]
14:41:30-thiagosilvaleite-2017-06-19-13:43:01.png$[]
14:41:32-thiagosilvaleite-2017-06-19-13:43:27.png$[]
14:41:34-thiagosilvaleite-2017-06-19-13:43:36.png$[]
14:41:36-thiagosilvaleite-2017-06-19-13:43:05.png$[]
14:41:38-thiagosilvaleite-2017-06-19-13:43:36.png$[]
14:41:40-thiagosilvaleite-2017-06-19-13:43:09.png$[]
14:41:42-thiagosilvaleite-2017-06-19-13:44:58.png$[]
14:41:44-thiagosilvaleite-2017-06-19-13:43:15.png$[]
14:41:46-thiagosilvaleite-2017-06-19-13:44:30.png$[]
14:41:48-thiagosilvaleite-2017-06-19-13:43:22.png$[]
14:41:50-thiagosilvaleite-2017-06-19-13:45:30.png$[]
14:41:52-thiagosilvaleite-2017-06-19-13:43:28.png$[]
14:41:54-thiagosilvaleite-2017-06-19-13:45:37.png$[]
14:41:56-thiagosilvaleite-2017-06-19-13:43:54.png$[]
14:41:58-thiagosilvaleite-2017-06-19-13:45:43.png$[]
14:42:00-thiagosilvaleite-2017-06-19-13:44:01.png$[]
14:42:02-thiagosilvaleite-2017-06-19-13:43:40.png$[]
14:42:04-thiagosilvaleite-2017-06-19-13:43:57.png$[]
14:42:06-thiagosilvaleite-2017-06-19-13:43:57.png$[]
14:42:08-thiagosilvaleite-2017-06-19-13:46:11.png$[]
14:42:10-thiagosilvaleite-2017-06-19-13:43:47.png$[]
14:42:12-thiagosilvaleite-2017-06-19-13:46:12.png$[]
14:42:14-thiagosilvaleite-2017-06-19-13:46:28.png$[]
14:42:16-thiagosilvaleite-2017-06-19-13:46:25.png$[]
14:42:18-thiagosilvaleite-2017-06-19-13:43:54.png$[]
14:42:20-thiagosilvaleite-2017-06-19-13:46:37.png$[]
14:42:22-thiagosilvaleite-2017-06-19-13:46:46.png$[]
14:42:24-thiagosilvaleite-2017-06-19-13:44:14.png$[]
14:42:26-thiagosilvaleite-2017-06-19-13:43:58.png$[]
14:42:28-thiagosilvaleite-2017-06-19-13:46:55.png$[]
14:42:30-thiagosilvaleite-2017-06-19-13:47:04.png$[]
14:42:32-thiagosilvaleite-2017-06-19-13:44:18.png$[]
14:42:34-thiagosilvaleite-2017-06-19-13:44:14.png$[]
14:42:36-thiagosilvaleite-2017-06-19-13:47:01.png$[]
14:42:38-thiagosilvaleite-2017-06-19-13:44:02.png$[]
14:42:40-thiagosilvaleite-2017-06-19-13:47:09.png$[]
14:42:42-thiagosilvaleite-2017-06-19-13:44:18.png$[]
14:42:44-thiagosilvaleite-2017-06-19-13:47:15.png$[]
14:42:46-thiagosilvaleite-2017-06-19-13:44:06.png$[]
14:42:48-thiagosilvaleite-2017-06-19-13:47:32.png$[]
14:42:50-thiagosilvaleite-2017-06-19-13:47:27.png$[]
14:42:52-thiagosilvaleite-2017-06-19-13:44:12.png$[]
14:42:54-thiagosilvaleite-2017-06-19-13:47:20.png$[]
14:42:56-thiagosilvaleite-2017-06-19-13:47:28.png$[]
14:42:58-thiagosilvaleite-2017-06-19-13:44:16.png$[]
14:43:00-thiagosilvaleite-2017-06-19-13:47:42.png$[]
14:43:02-thiagosilvaleite-2017-06-19-13:44:45.png$[]
14:43:04-thiagosilvaleite-2017-06-19-13:44:49.png$[]
14:43:06-thiagosilvaleite-2017-06-19-13:44:20.png$[]
14:43:08-thiagosilvaleite-2017-06-19-13:47:40.png$[]
14:43:10-thiagosilvaleite-2017-06-19-13:45:27.png$[]
14:43:12-thiagosilvaleite-2017-06-19-13:45:27.png$[]
14:43:14-thiagosilvaleite-2017-06-19-13:48:19.png$[]
14:43:16-thiagosilvaleite-2017-06-19-13:45:30.png$[]
14:43:18-thiagosilvaleite-2017-06-19-13:48:34.png$[]
14:43:20-thiagosilvaleite-2017-06-19-13:45:30.png$[]
14:43:22-thiagosilvaleite-2017-06-19-13:45:31.png$[]
14:43:24-thiagosilvaleite-2017-06-19-13:45:35.png$[]
14:43:26-thiagosilvaleite-2017-06-19-13:45:43.png$[]
14:43:28-thiagosilvaleite-2017-06-19-13:45:43.png$[]
14:43:30-thiagosilvaleite-2017-06-19-13:45:44.png$[{"scores": {"fear": 0.004133871290832758, "surprise": 0.00144182366784662, "disgust": 0.010100736282765865, "anger": 0.0025293584913015366, "sadness": 0.7389018535614014, "contempt": 0.010100736282765865, "neutral": 0.2399405688047409, "happiness": 0.002951800124719739}, "faceRectangle": {"width": 458, "height": 480, "left": 306, "top": 271}}]
14:43:32-thiagosilvaleite-2017-06-19-13:45:54.png$[]
14:43:34-thiagosilvaleite-2017-06-19-13:45:57.png$[]
14:43:36-thiagosilvaleite-2017-06-19-13:46:04.png$[]
14:43:38-thiagosilvaleite-2017-06-19-13:46:12.png$[]
14:43:40-thiagosilvaleite-2017-06-19-13:46:09.png$[]
14:43:42-thiagosilvaleite-2017-06-19-13:46:17.png$[]
14:43:44-thiagosilvaleite-2017-06-19-13:46:18.png$[]
14:43:46-thiagosilvaleite-2017-06-19-13:46:27.png$[]
14:43:48-thiagosilvaleite-2017-06-19-13:46:28.png$[]
14:43:50-thiagosilvaleite-2017-06-19-13:46:44.png$[]
14:43:52-thiagosilvaleite-2017-06-19-13:46:46.png$[]
14:43:54-thiagosilvaleite-2017-06-19-13:46:55.png$[]
14:43:56-thiagosilvaleite-2017-06-19-13:46:52.png$[]
14:43:58-thiagosilvaleite-2017-06-19-13:47:07.png$[]
14:44:00-thiagosilvaleite-2017-06-19-13:47:08.png$[]
14:44:02-thiagosilvaleite-2017-06-19-13:47:10.png$[]
14:44:04-thiagosilvaleite-2017-06-19-13:47:23.png$[]
14:44:06-thiagosilvaleite-2017-06-19-13:47:15.png$[]
14:44:08-thiagosilvaleite-2017-06-19-13:47:31.png$[]
14:44:10-thiagosilvaleite-2017-06-19-13:47:37.png$[]
14:44:12-thiagosilvaleite-2017-06-19-13:47:41.png$[]
14:44:14-thiagosilvaleite-2017-06-19-13:47:35.png$[]
14:44:16-thiagosilvaleite-2017-06-19-13:47:50.png$[]
14:44:18-thiagosilvaleite-2017-06-19-13:47:52.png$[]
14:44:20-thiagosilvaleite-2017-06-19-13:47:47.png$[]
14:44:22-thiagosilvaleite-2017-06-19-13:47:56.png$[]
14:44:24-thiagosilvaleite-2017-06-19-13:47:57.png$[]
14:44:26-thiagosilvaleite-2017-06-19-13:48:01.png$[]
14:44:28-thiagosilvaleite-2017-06-19-13:47:52.png$[{"scores": {"fear": 0.17747536301612854, "surprise": 0.0852174460887909, "disgust": 0.02670462429523468, "anger": 0.01572905108332634, "sadness": 0.227301225066185, "contempt": 0.02670462429523468, "neutral": 0.37816986441612244, "happiness": 0.0894024521112442}, "faceRectangle": {"width": 458, "height": 480, "left": 340, "top": 271}}]
14:44:30-thiagosilvaleite-2017-06-19-13:48:15.png$[{"scores": {"fear": 0.08049331605434418, "surprise": 0.01747601106762886, "disgust": 0.007331397384405136, "anger": 0.007382376119494438, "sadness": 0.5437402129173279, "contempt": 0.007331397384405136, "neutral": 0.286202996969223, "happiness": 0.057373616844415665}, "faceRectangle": {"width": 492, "height": 480, "left": 340, "top": 306}}]
14:44:32-thiagosilvaleite-2017-06-19-13:47:56.png$[{"scores": {"fear": 0.07329361140727997, "surprise": 0.005326840560883284, "disgust": 0.01367076113820076, "anger": 0.010399834252893925, "sadness": 0.6766608357429504, "contempt": 0.01367076113820076, "neutral": 0.11508718132972717, "happiness": 0.10556100308895111}, "faceRectangle": {"width": 492, "height": 480, "left": 340, "top": 306}}]
14:44:34-thiagosilvaleite-2017-06-19-13:48:14.png$[]
14:44:36-thiagosilvaleite-2017-06-19-13:48:01.png$[]
14:44:38-thiagosilvaleite-2017-06-19-13:48:19.png$[]
14:44:40-thiagosilvaleite-2017-06-19-13:48:20.png$[]
14:44:42-thiagosilvaleite-2017-06-19-13:48:12.png$[]
14:44:44-thiagosilvaleite-2017-06-19-13:48:27.png$[]
14:44:46-thiagosilvaleite-2017-06-19-13:48:37.png$[]
14:44:48-thiagosilvaleite-2017-06-19-13:48:25.png$[]
14:44:50-thiagosilvaleite-2017-06-19-13:48:42.png$[]
14:44:52-thiagosilvaleite-2017-06-19-13:48:39.png$[]
14:44:54-thiagosilvaleite-2017-06-19-13:48:31.png$[]
14:44:56-thiagosilvaleite-2017-06-19-13:48:44.png$[]
14:44:58-thiagosilvaleite-2017-06-19-13:48:38.png$[]
14:45:00-thiagosilvaleite-2017-06-19-13:48:53.png$[]
14:45:02-thiagosilvaleite-2017-06-19-13:48:56.png$[]
14:45:04-thiagosilvaleite-2017-06-19-13:48:42.png$[]
14:45:06-thiagosilvaleite-2017-06-19-13:48:58.png$[]
14:45:08-thiagosilvaleite-2017-06-19-13:48:50.png$[]
14:45:10-thiagosilvaleite-2017-06-19-13:49:03.png$[]
14:45:12-thiagosilvaleite-2017-06-19-13:49:04.png$[]
14:45:14-thiagosilvaleite-2017-06-19-13:48:58.png$[]
14:45:16-thiagosilvaleite-2017-06-19-13:49:10.png$[]
14:45:18-thiagosilvaleite-2017-06-19-13:49:21.png$[]
14:45:20-thiagosilvaleite-2017-06-19-13:49:21.png$[]
14:45:22-thiagosilvaleite-2017-06-19-13:49:10.png$[]
14:45:24-thiagosilvaleite-2017-06-19-13:49:24.png$[]
14:45:26-thiagosilvaleite-2017-06-19-13:49:23.png$[]
14:45:28-thiagosilvaleite-2017-06-19-13:49:28.png$[]
14:45:30-thiagosilvaleite-2017-06-19-13:49:26.png$[]
14:45:32-thiagosilvaleite-2017-06-19-13:49:46.png$[]
14:45:34-thiagosilvaleite-2017-06-19-13:49:48.png$[]
14:45:36-thiagosilvaleite-2017-06-19-13:49:51.png$[]
14:45:38-thiagosilvaleite-2017-06-19-13:49:54.png$[]
14:45:40-thiagosilvaleite-2017-06-19-13:49:44.png$[]
14:45:42-thiagosilvaleite-2017-06-19-13:49:52.png$[]
14:45:44-thiagosilvaleite-2017-06-19-13:49:57.png$[]
14:45:46-thiagosilvaleite-2017-06-19-13:50:04.png$[]
14:45:48-thiagosilvaleite-2017-06-19-13:50:06.png$[]
14:45:50-thiagosilvaleite-2017-06-19-13:50:07.png$[]
14:45:52-thiagosilvaleite-2017-06-19-13:50:06.png$[]
14:45:54-thiagosilvaleite-2017-06-19-13:50:12.png$[]
14:45:56-thiagosilvaleite-2017-06-19-13:50:05.png$[]
14:45:58-thiagosilvaleite-2017-06-19-13:50:21.png$[]
14:46:00-thiagosilvaleite-2017-06-19-13:50:13.png$[]
14:46:02-thiagosilvaleite-2017-06-19-13:50:30.png$[]
14:46:04-thiagosilvaleite-2017-06-19-13:50:48.png$[]
14:46:06-thiagosilvaleite-2017-06-19-13:50:25.png$[]
14:46:08-thiagosilvaleite-2017-06-19-13:50:33.png$[]
14:46:10-thiagosilvaleite-2017-06-19-13:50:20.png$[]
14:46:12-thiagosilvaleite-2017-06-19-13:50:38.png$[]
14:46:14-thiagosilvaleite-2017-06-19-13:50:45.png$[]
14:46:16-thiagosilvaleite-2017-06-19-13:50:48.png$[]
14:46:18-thiagosilvaleite-2017-06-19-13:51:09.png$[]
14:46:20-thiagosilvaleite-2017-06-19-13:51:13.png$[]
14:46:22-thiagosilvaleite-2017-06-19-13:51:03.png$[]
14:46:24-thiagosilvaleite-2017-06-19-13:51:34.png$[]
14:46:26-thiagosilvaleite-2017-06-19-13:51:37.png$[{"scores": {"fear": 0.008377980440855026, "surprise": 0.07675439119338989, "disgust": 0.011763645336031914, "anger": 0.003465813584625721, "sadness": 0.029543953016400337, "contempt": 0.011763645336031914, "neutral": 0.8424156904220581, "happiness": 0.02767847292125225}, "faceRectangle": {"width": 456, "height": 480, "left": 352, "top": 295}}]
14:46:28-thiagosilvaleite-2017-06-19-13:51:14.png$[]
14:46:30-thiagosilvaleite-2017-06-19-13:51:39.png$[]
14:46:32-thiagosilvaleite-2017-06-19-13:51:18.png$[]
14:46:34-thiagosilvaleite-2017-06-19-13:51:28.png$[]
14:46:36-thiagosilvaleite-2017-06-19-13:51:33.png$[]
14:46:38-thiagosilvaleite-2017-06-19-13:51:38.png$[]
14:46:40-thiagosilvaleite-2017-06-19-13:51:50.png$[]
14:46:42-thiagosilvaleite-2017-06-19-13:51:50.png$[]
14:46:44-thiagosilvaleite-2017-06-19-13:51:51.png$[]
14:46:46-thiagosilvaleite-2017-06-19-13:51:51.png$[]
14:46:48-thiagosilvaleite-2017-06-19-13:52:01.png$[]
14:46:50-thiagosilvaleite-2017-06-19-13:51:52.png$[]
14:46:52-thiagosilvaleite-2017-06-19-13:52:07.png$[]
14:46:54-thiagosilvaleite-2017-06-19-13:52:10.png$[{"scores": {"fear": 0.14723466336727142, "surprise": 0.0350634790956974, "disgust": 0.015614413656294346, "anger": 0.02382238768041134, "sadness": 0.234854057431221, "contempt": 0.015614413656294346, "neutral": 0.5137370824813843, "happiness": 0.02967391163110733}, "faceRectangle": {"width": 413, "height": 480, "left": 338, "top": 252}}]
14:46:56-thiagosilvaleite-2017-06-19-13:52:06.png$[{"scores": {"fear": 0.1230764091014862, "surprise": 0.08458618074655533, "disgust": 0.0032789113465696573, "anger": 0.009941373951733112, "sadness": 0.09534609317779541, "contempt": 0.0032789113465696573, "neutral": 0.6064127683639526, "happiness": 0.07735823094844818}, "faceRectangle": {"width": 458, "height": 480, "left": 340, "top": 271}}]
14:46:58-thiagosilvaleite-2017-06-19-13:52:06.png$[]
14:47:00-thiagosilvaleite-2017-06-19-14:08:02.png$[]
14:47:02-thiagosilvaleite-2017-06-19-13:52:21.png$[]
14:47:04-thiagosilvaleite-2017-06-19-14:09:10.png$[{"scores": {"fear": 0.060424499213695526, "surprise": 0.04534851014614105, "disgust": 0.001830228604376316, "anger": 0.005985965020954609, "sadness": 0.04042969271540642, "contempt": 0.001830228604376316, "neutral": 0.842781662940979, "happiness": 0.0031995046883821487}, "faceRectangle": {"width": 458, "height": 480, "left": 340, "top": 271}}]
14:47:06-thiagosilvaleite-2017-06-19-13:52:22.png$[{"scores": {"fear": 0.32788509130477905, "surprise": 0.1433587372303009, "disgust": 0.023640967905521393, "anger": 0.026843182742595673, "sadness": 0.11261746287345886, "contempt": 0.023640967905521393, "neutral": 0.3372812569141388, "happiness": 0.028373301029205322}, "faceRectangle": {"width": 394, "height": 466, "left": 327, "top": 254}}]
14:47:08-thiagosilvaleite-2017-06-19-13:52:25.png$[{"scores": {"fear": 0.033391088247299194, "surprise": 0.040938783437013626, "disgust": 0.020506713539361954, "anger": 0.010954592376947403, "sadness": 0.0482746958732605, "contempt": 0.020506713539361954, "neutral": 0.8154636025428772, "happiness": 0.030470479279756546}, "faceRectangle": {"width": 398, "height": 480, "left": 338, "top": 237}}]
14:47:10-thiagosilvaleite-2017-06-19-14:08:33.png$[{"scores": {"fear": 0.09343238919973373, "surprise": 0.055212926119565964, "disgust": 0.037015948444604874, "anger": 0.02680748701095581, "sadness": 0.06319192051887512, "contempt": 0.037015948444604874, "neutral": 0.7140846252441406, "happiness": 0.010254662483930588}, "faceRectangle": {"width": 398, "height": 480, "left": 338, "top": 237}}]
14:47:12-thiagosilvaleite-2017-06-19-13:52:27.png$[]
14:47:14-thiagosilvaleite-2017-06-19-13:57:53.png$[]
14:47:16-thiagosilvaleite-2017-06-19-13:52:27.png$[]
14:47:18-thiagosilvaleite-2017-06-19-14:08:45.png$[]
14:47:20-thiagosilvaleite-2017-06-19-13:57:50.png$[]
14:47:22-thiagosilvaleite-2017-06-19-14:08:53.png$[]
14:47:24-thiagosilvaleite-2017-06-19-14:09:03.png$[]
14:47:26-thiagosilvaleite-2017-06-19-13:57:57.png$[]
14:47:30-thiagosilvaleite-2017-06-19-14:09:46.png$[]
14:47:32-thiagosilvaleite-2017-06-19-13:52:42.png$[]
14:47:34-thiagosilvaleite-2017-06-19-14:17:13.png$[]
14:47:36-thiagosilvaleite-2017-06-19-14:10:10.png$[]
14:47:38-thiagosilvaleite-2017-06-19-14:17:24.png$[]
14:47:42-thiagosilvaleite-2017-06-19-13:58:54.png$[]
14:47:44-thiagosilvaleite-2017-06-19-13:58:50.png$[]
14:47:46-thiagosilvaleite-2017-06-19-13:58:06.png$[]
14:47:50-thiagosilvaleite-2017-06-19-14:11:19.png$[]
14:49:08-thiagosilvaleite-2017-06-19-14:02:43.png$[]
14:49:10-thiagosilvaleite-2017-06-19-14:02:12.png$[]
14:49:14-thiagosilvaleite-2017-06-19-14:01:57.png$[]
14:49:16-thiagosilvaleite-2017-06-19-14:02:39.png$[]
14:49:18-thiagosilvaleite-2017-06-19-14:02:56.png$[]
14:49:20-thiagosilvaleite-2017-06-19-14:02:00.png$[]
14:49:22-thiagosilvaleite-2017-06-19-14:02:03.png$[]
14:49:24-thiagosilvaleite-2017-06-19-14:02:07.png$[]
14:49:26-thiagosilvaleite-2017-06-19-14:02:14.png$[]
14:49:28-thiagosilvaleite-2017-06-19-14:02:49.png$[]
14:49:32-thiagosilvaleite-2017-06-19-14:02:16.png$[]
14:49:34-thiagosilvaleite-2017-06-19-14:02:18.png$[]
14:49:36-thiagosilvaleite-2017-06-19-14:02:20.png$[]
14:49:38-thiagosilvaleite-2017-06-19-14:03:04.png$[]
14:49:42-thiagosilvaleite-2017-06-19-14:03:11.png$[{"scores": {"fear": 0.330570787191391, "surprise": 0.5373784303665161, "disgust": 0.007419174537062645, "anger": 0.014008266851305962, "sadness": 0.009180349297821522, "contempt": 0.007419174537062645, "neutral": 0.09997660666704178, "happiness": 0.0014663978945463896}, "faceRectangle": {"width": 458, "height": 476, "left": 289, "top": 271}}]
14:49:44-thiagosilvaleite-2017-06-19-14:03:21.png$[]
14:49:46-thiagosilvaleite-2017-06-19-14:03:12.png$[]
14:49:48-thiagosilvaleite-2017-06-19-14:03:39.png$[]
14:49:50-thiagosilvaleite-2017-06-19-14:03:56.png$[]
14:49:52-thiagosilvaleite-2017-06-19-14:03:41.png$[]
14:49:54-thiagosilvaleite-2017-06-19-14:03:44.png$[]
14:49:56-thiagosilvaleite-2017-06-19-14:03:51.png$[]
14:49:58-thiagosilvaleite-2017-06-19-14:04:15.png$[{"scores": {"fear": 0.2961794435977936, "surprise": 0.03414660692214966, "disgust": 0.01717444695532322, "anger": 0.020503025501966476, "sadness": 0.4989355802536011, "contempt": 0.01717444695532322, "neutral": 0.12035240978002548, "happiness": 0.012708425521850586}, "faceRectangle": {"width": 464, "height": 480, "left": 288, "top": 246}}]
14:50:00-thiagosilvaleite-2017-06-19-14:04:11.png$[]
14:50:02-thiagosilvaleite-2017-06-19-14:04:12.png$[]
14:50:04-thiagosilvaleite-2017-06-19-14:04:22.png$[]
14:50:06-thiagosilvaleite-2017-06-19-14:05:04.png$[]
14:50:08-thiagosilvaleite-2017-06-19-14:05:31.png$[]
14:50:10-thiagosilvaleite-2017-06-19-14:05:05.png$[]
14:50:12-thiagosilvaleite-2017-06-19-14:05:12.png$[]
14:50:14-thiagosilvaleite-2017-06-19-14:05:28.png$[]
14:50:16-thiagosilvaleite-2017-06-19-14:05:37.png$[]
14:50:18-thiagosilvaleite-2017-06-19-14:05:35.png$[]
14:50:20-thiagosilvaleite-2017-06-19-14:05:39.png$[]
14:50:22-thiagosilvaleite-2017-06-19-14:05:41.png$[]
14:50:24-thiagosilvaleite-2017-06-19-14:05:41.png$[]
14:50:26-thiagosilvaleite-2017-06-19-14:05:45.png$[]
14:50:28-thiagosilvaleite-2017-06-19-14:05:52.png$[]
14:50:30-thiagosilvaleite-2017-06-19-14:05:53.png$[]
14:50:32-thiagosilvaleite-2017-06-19-14:05:56.png$[]
14:50:34-thiagosilvaleite-2017-06-19-14:05:57.png$[]
14:50:36-thiagosilvaleite-2017-06-19-14:06:01.png$[]
14:50:38-thiagosilvaleite-2017-06-19-14:06:14.png$[]
14:50:40-thiagosilvaleite-2017-06-19-14:06:08.png$[]
14:50:42-thiagosilvaleite-2017-06-19-14:06:12.png$[]
14:50:44-thiagosilvaleite-2017-06-19-14:06:16.png$[]
14:50:46-thiagosilvaleite-2017-06-19-14:06:18.png$[]
14:50:48-thiagosilvaleite-2017-06-19-14:06:23.png$[]
14:50:50-thiagosilvaleite-2017-06-19-14:06:23.png$[]
14:50:52-thiagosilvaleite-2017-06-19-14:06:29.png$[]
14:50:54-thiagosilvaleite-2017-06-19-14:06:25.png$[]
14:50:56-thiagosilvaleite-2017-06-19-14:06:28.png$[]
14:50:58-thiagosilvaleite-2017-06-19-14:06:28.png$[]
14:51:00-thiagosilvaleite-2017-06-19-14:06:37.png$[]
14:51:02-thiagosilvaleite-2017-06-19-14:06:37.png$[]
14:51:04-thiagosilvaleite-2017-06-19-14:06:39.png$[]
14:51:06-thiagosilvaleite-2017-06-19-14:06:41.png$[]
14:51:08-thiagosilvaleite-2017-06-19-14:06:43.png$[]
14:51:10-thiagosilvaleite-2017-06-19-14:06:47.png$[]
14:51:12-thiagosilvaleite-2017-06-19-14:06:49.png$[]
14:51:14-thiagosilvaleite-2017-06-19-14:06:48.png$[]
14:51:16-thiagosilvaleite-2017-06-19-14:06:51.png$[]
14:51:18-thiagosilvaleite-2017-06-19-14:06:51.png$[]
14:51:20-thiagosilvaleite-2017-06-19-14:06:59.png$[]
14:51:22-thiagosilvaleite-2017-06-19-14:07:00.png$[]
14:51:24-thiagosilvaleite-2017-06-19-14:07:00.png$[]
14:51:26-thiagosilvaleite-2017-06-19-14:07:03.png$[{"scores": {"fear": 0.008646867237985134, "surprise": 0.016665421426296234, "disgust": 0.003736447775736451, "anger": 0.0026005362160503864, "sadness": 0.020844366401433945, "contempt": 0.003736447775736451, "neutral": 0.9047690629959106, "happiness": 0.04273724555969238}, "faceRectangle": {"width": 499, "height": 470, "left": 309, "top": 338}}]
14:51:28-thiagosilvaleite-2017-06-19-14:07:04.png$[]
14:51:30-thiagosilvaleite-2017-06-19-14:07:08.png$[]
14:51:32-thiagosilvaleite-2017-06-19-14:07:11.png$[]
14:51:34-thiagosilvaleite-2017-06-19-14:07:12.png$[]
14:51:36-thiagosilvaleite-2017-06-19-14:07:15.png$[]
14:51:38-thiagosilvaleite-2017-06-19-14:07:16.png$[]
14:51:40-thiagosilvaleite-2017-06-19-14:07:17.png$[]
14:51:42-thiagosilvaleite-2017-06-19-14:07:28.png$[]
14:51:44-thiagosilvaleite-2017-06-19-14:07:33.png$[]
14:51:46-thiagosilvaleite-2017-06-19-14:07:52.png$[]
14:51:48-thiagosilvaleite-2017-06-19-14:07:23.png$[]
14:51:50-thiagosilvaleite-2017-06-19-14:07:54.png$[]
14:51:52-thiagosilvaleite-2017-06-19-14:07:23.png$[]
14:51:54-thiagosilvaleite-2017-06-19-14:07:28.png$[]
14:51:56-thiagosilvaleite-2017-06-19-14:07:28.png$[]
14:51:58-thiagosilvaleite-2017-06-19-14:08:06.png$[]
14:52:00-thiagosilvaleite-2017-06-19-14:07:52.png$[]
14:52:02-thiagosilvaleite-2017-06-19-14:08:09.png$[]
14:52:04-thiagosilvaleite-2017-06-19-14:08:23.png$[]
14:52:06-thiagosilvaleite-2017-06-19-14:08:22.png$[]
14:52:08-thiagosilvaleite-2017-06-19-14:08:36.png$[]
14:52:10-thiagosilvaleite-2017-06-19-13:57:48.png$[]
14:52:12-thiagosilvaleite-2017-06-19-13:57:50.png$[]
14:52:14-thiagosilvaleite-2017-06-19-14:08:42.png$[]
14:52:16-thiagosilvaleite-2017-06-19-13:57:31.png$[]
14:52:18-thiagosilvaleite-2017-06-19-14:08:55.png$[]
14:52:20-thiagosilvaleite-2017-06-19-13:57:34.png$[]
14:52:22-thiagosilvaleite-2017-06-19-14:10:06.png$[]
14:52:24-thiagosilvaleite-2017-06-19-13:58:12.png$[]
14:52:26-thiagosilvaleite-2017-06-19-13:58:12.png$[]
14:52:28-thiagosilvaleite-2017-06-19-14:10:27.png$[]
14:52:30-thiagosilvaleite-2017-06-19-13:58:58.png$[]
14:52:32-thiagosilvaleite-2017-06-19-13:58:09.png$[]
14:52:34-thiagosilvaleite-2017-06-19-13:58:13.png$[]
14:52:36-thiagosilvaleite-2017-06-19-13:59:26.png$[]
14:52:38-thiagosilvaleite-2017-06-19-13:59:19.png$[]
14:52:40-thiagosilvaleite-2017-06-19-13:58:18.png$[]
14:52:42-thiagosilvaleite-2017-06-19-13:58:31.png$[]
14:52:44-thiagosilvaleite-2017-06-19-14:11:39.png$[]
14:52:46-thiagosilvaleite-2017-06-19-13:59:28.png$[]
14:52:48-thiagosilvaleite-2017-06-19-14:11:53.png$[]
14:52:50-thiagosilvaleite-2017-06-19-13:59:28.png$[]
14:52:52-thiagosilvaleite-2017-06-19-14:11:56.png$[]
14:52:54-thiagosilvaleite-2017-06-19-13:59:34.png$[]
14:52:56-thiagosilvaleite-2017-06-19-14:12:46.png$[]
14:52:58-thiagosilvaleite-2017-06-19-14:12:50.png$[]
14:53:00-thiagosilvaleite-2017-06-19-14:12:09.png$[]
14:53:02-thiagosilvaleite-2017-06-19-14:13:30.png$[]
14:53:04-thiagosilvaleite-2017-06-19-14:13:24.png$[]
14:53:06-thiagosilvaleite-2017-06-19-14:15:46.png$[]
14:53:08-thiagosilvaleite-2017-06-19-14:13:33.png$[]
14:53:10-thiagosilvaleite-2017-06-19-14:13:34.png$[]
14:53:12-thiagosilvaleite-2017-06-19-14:16:07.png$[]
14:53:14-thiagosilvaleite-2017-06-19-14:13:49.png$[]
14:53:16-thiagosilvaleite-2017-06-19-14:00:52.png$[]
14:53:18-thiagosilvaleite-2017-06-19-14:00:52.png$[]
14:53:20-thiagosilvaleite-2017-06-19-14:13:47.png$[]
14:53:22-thiagosilvaleite-2017-06-19-14:14:18.png$[]
14:53:24-thiagosilvaleite-2017-06-19-14:00:41.png$[{"scores": {"fear": 0.026970049366354942, "surprise": 0.014359010383486748, "disgust": 0.0033919857814908028, "anger": 0.0048263841308653355, "sadness": 0.06197814643383026, "contempt": 0.0033919857814908028, "neutral": 0.8147534728050232, "happiness": 0.07372088730335236}, "faceRectangle": {"width": 492, "height": 480, "left": 340, "top": 306}}]
14:53:26-thiagosilvaleite-2017-06-19-14:14:33.png$[]
14:53:32-thiagosilvaleite-2017-06-19-14:15:29.png$[]
14:53:34-thiagosilvaleite-2017-06-19-14:15:41.png$[]
14:53:36-thiagosilvaleite-2017-06-19-14:15:25.png$[]
14:53:38-thiagosilvaleite-2017-06-19-14:15:25.png$[]
14:53:40-thiagosilvaleite-2017-06-19-14:15:32.png$[]
14:53:42-thiagosilvaleite-2017-06-19-14:15:31.png$[]
14:53:44-thiagosilvaleite-2017-06-19-14:15:50.png$[{"scores": {"fear": 0.03659524396061897, "surprise": 0.4842606484889984, "disgust": 0.010877043940126896, "anger": 0.0031586552504450083, "sadness": 0.017400378361344337, "contempt": 0.010877043940126896, "neutral": 0.4181765019893646, "happiness": 0.029531562700867653}, "faceRectangle": {"width": 475, "height": 480, "left": 306, "top": 288}}]
14:53:46-thiagosilvaleite-2017-06-19-14:15:42.png$[]
14:53:48-thiagosilvaleite-2017-06-19-14:16:04.png$[]
14:53:50-thiagosilvaleite-2017-06-19-14:01:03.png$[]
14:53:52-thiagosilvaleite-2017-06-19-14:15:49.png$[]
14:53:54-thiagosilvaleite-2017-06-19-14:15:52.png$[]
14:53:56-thiagosilvaleite-2017-06-19-14:15:57.png$[]
14:53:58-thiagosilvaleite-2017-06-19-14:16:02.png$[]
14:54:00-thiagosilvaleite-2017-06-19-14:16:23.png$[]
14:54:02-thiagosilvaleite-2017-06-19-14:16:13.png$[]
14:54:04-thiagosilvaleite-2017-06-19-14:16:30.png$[]
14:54:06-thiagosilvaleite-2017-06-19-14:16:30.png$[]
14:54:08-thiagosilvaleite-2017-06-19-14:16:19.png$[]
14:54:11-thiagosilvaleite-2017-06-19-14:16:33.png$[]
14:54:12-thiagosilvaleite-2017-06-19-14:16:25.png$[]
14:54:14-thiagosilvaleite-2017-06-19-14:16:46.png$[]
14:54:16-thiagosilvaleite-2017-06-19-14:16:34.png$[]
14:54:18-thiagosilvaleite-2017-06-19-14:16:32.png$[]
14:54:20-thiagosilvaleite-2017-06-19-14:01:25.png$[]
14:54:22-thiagosilvaleite-2017-06-19-14:16:52.png$[]
14:54:24-thiagosilvaleite-2017-06-19-14:01:23.png$[]
14:54:26-thiagosilvaleite-2017-06-19-14:16:51.png$[]
14:54:28-thiagosilvaleite-2017-06-19-14:16:52.png$[]
14:54:30-thiagosilvaleite-2017-06-19-14:16:48.png$[]
14:54:32-thiagosilvaleite-2017-06-19-14:16:45.png$[]
14:54:34-thiagosilvaleite-2017-06-19-14:16:50.png$[]
14:54:36-thiagosilvaleite-2017-06-19-14:16:57.png$[]
14:54:38-thiagosilvaleite-2017-06-19-14:17:17.png$[]
14:54:40-thiagosilvaleite-2017-06-19-14:17:02.png$[]
14:54:42-thiagosilvaleite-2017-06-19-14:17:09.png$[]
14:54:48-thiagosilvaleite-2017-06-19-14:17:24.png$[]
14:54:58-thiagosilvaleite-2017-06-19-14:01:26.png$[]
14:55:42-thiagosilvaleite-2017-06-19-14:01:49.png$[]
14:55:50-thiagosilvaleite-2017-06-19-14:01:52.png$[]
14:55:54-thiagosilvaleite-2017-06-19-14:01:49.png$[]
14:56:44-thiagosilvaleite-2017-06-19-14:02:21.png$[]
14:56:46-thiagosilvaleite-2017-06-19-14:02:10.png$[]
14:56:48-thiagosilvaleite-2017-06-19-14:02:26.png$[]
14:56:50-thiagosilvaleite-2017-06-19-14:03:14.png$[]
14:56:52-thiagosilvaleite-2017-06-19-14:03:39.png$[]
14:56:54-thiagosilvaleite-2017-06-19-14:04:17.png$[]
14:56:56-thiagosilvaleite-2017-06-19-14:05:14.png$[]
14:57:00-thiagosilvaleite-2017-06-19-14:05:41.png$[]
14:57:02-thiagosilvaleite-2017-06-19-14:05:55.png$[]
14:57:04-thiagosilvaleite-2017-06-19-14:06:14.png$[]
14:57:06-thiagosilvaleite-2017-06-19-14:06:36.png$[]
14:57:08-thiagosilvaleite-2017-06-19-14:06:53.png$[]
14:57:10-thiagosilvaleite-2017-06-19-14:07:17.png$[]
14:57:12-thiagosilvaleite-2017-06-19-14:07:34.png$[]
14:57:14-thiagosilvaleite-2017-06-19-14:08:40.png$[]
14:57:16-thiagosilvaleite-2017-06-19-14:08:46.png$[]
14:57:18-thiagosilvaleite-2017-06-19-14:09:01.png$[]
14:57:20-thiagosilvaleite-2017-06-19-14:09:09.png$[]
14:57:22-thiagosilvaleite-2017-06-19-14:09:18.png$[]
14:57:24-thiagosilvaleite-2017-06-19-14:09:02.png$[]
14:57:26-thiagosilvaleite-2017-06-19-14:09:23.png$[{"scores": {"fear": 0.04398051276803017, "surprise": 0.03100828267633915, "disgust": 0.007969525642693043, "anger": 0.006438595708459616, "sadness": 0.16266310214996338, "contempt": 0.007969525642693043, "neutral": 0.7113369703292847, "happiness": 0.03660298511385918}, "faceRectangle": {"width": 510, "height": 480, "left": 323, "top": 323}}]
14:57:28-thiagosilvaleite-2017-06-19-14:09:16.png$[]
14:57:30-thiagosilvaleite-2017-06-19-14:09:27.png$[]
14:57:32-thiagosilvaleite-2017-06-19-14:09:35.png$[]
14:57:34-thiagosilvaleite-2017-06-19-14:09:58.png$[]
14:57:36-thiagosilvaleite-2017-06-19-14:09:57.png$[]
14:57:38-thiagosilvaleite-2017-06-19-14:09:53.png$[]
14:57:40-thiagosilvaleite-2017-06-19-14:09:48.png$[]
14:57:42-thiagosilvaleite-2017-06-19-14:09:55.png$[]
14:57:44-thiagosilvaleite-2017-06-19-14:09:59.png$[]
14:57:46-thiagosilvaleite-2017-06-19-14:10:06.png$[]
14:57:48-thiagosilvaleite-2017-06-19-14:10:10.png$[]
14:57:50-thiagosilvaleite-2017-06-19-14:10:10.png$[]
14:57:52-thiagosilvaleite-2017-06-19-14:10:17.png$[]
14:57:54-thiagosilvaleite-2017-06-19-14:10:25.png$[]
14:57:56-thiagosilvaleite-2017-06-19-14:10:30.png$[]
14:57:58-thiagosilvaleite-2017-06-19-14:10:20.png$[]
14:58:00-thiagosilvaleite-2017-06-19-14:10:27.png$[]
14:58:02-thiagosilvaleite-2017-06-19-14:10:42.png$[]
14:58:04-thiagosilvaleite-2017-06-19-14:10:26.png$[]
14:58:06-thiagosilvaleite-2017-06-19-14:10:53.png$[]
14:58:08-thiagosilvaleite-2017-06-19-14:10:34.png$[]
14:58:10-thiagosilvaleite-2017-06-19-14:10:50.png$[]
14:58:12-thiagosilvaleite-2017-06-19-14:10:50.png$[]
14:58:14-thiagosilvaleite-2017-06-19-14:10:54.png$[]
14:58:16-thiagosilvaleite-2017-06-19-14:10:54.png$[]
14:58:18-thiagosilvaleite-2017-06-19-14:11:11.png$[]
14:58:20-thiagosilvaleite-2017-06-19-14:11:01.png$[]
14:58:22-thiagosilvaleite-2017-06-19-14:11:08.png$[]
14:58:24-thiagosilvaleite-2017-06-19-14:11:07.png$[]
14:58:26-thiagosilvaleite-2017-06-19-14:11:14.png$[]
14:58:28-thiagosilvaleite-2017-06-19-14:11:02.png$[]
14:58:30-thiagosilvaleite-2017-06-19-14:11:09.png$[]
14:58:32-thiagosilvaleite-2017-06-19-14:11:11.png$[]
14:58:34-thiagosilvaleite-2017-06-19-14:11:27.png$[]
14:58:36-thiagosilvaleite-2017-06-19-14:11:35.png$[]
14:58:38-thiagosilvaleite-2017-06-19-14:11:20.png$[]
14:58:40-thiagosilvaleite-2017-06-19-14:11:31.png$[]
14:58:42-thiagosilvaleite-2017-06-19-14:11:40.png$[]
14:58:44-thiagosilvaleite-2017-06-19-14:11:28.png$[]
14:58:46-thiagosilvaleite-2017-06-19-14:11:28.png$[]
14:58:48-thiagosilvaleite-2017-06-19-14:11:47.png$[]
14:58:50-thiagosilvaleite-2017-06-19-14:11:35.png$[]
14:58:52-thiagosilvaleite-2017-06-19-14:11:50.png$[]
14:58:54-thiagosilvaleite-2017-06-19-14:11:57.png$[]
14:58:56-thiagosilvaleite-2017-06-19-14:11:48.png$[]
14:58:58-thiagosilvaleite-2017-06-19-14:12:05.png$[]
14:59:00-thiagosilvaleite-2017-06-19-14:11:54.png$[]
14:59:02-thiagosilvaleite-2017-06-19-14:13:04.png$[]
14:59:04-thiagosilvaleite-2017-06-19-14:12:01.png$[]
14:59:06-thiagosilvaleite-2017-06-19-14:13:08.png$[]
14:59:08-thiagosilvaleite-2017-06-19-14:13:10.png$[]
14:59:10-thiagosilvaleite-2017-06-19-14:12:51.png$[]
14:59:12-thiagosilvaleite-2017-06-19-14:13:06.png$[]
14:59:14-thiagosilvaleite-2017-06-19-14:13:10.png$[]
14:59:16-thiagosilvaleite-2017-06-19-14:13:22.png$[]
14:59:18-thiagosilvaleite-2017-06-19-14:13:24.png$[]
14:59:20-thiagosilvaleite-2017-06-19-14:13:28.png$[{"scores": {"fear": 0.01644468680024147, "surprise": 0.007067426107823849, "disgust": 0.011212000623345375, "anger": 0.007281913422048092, "sadness": 0.08220328390598297, "contempt": 0.011212000623345375, "neutral": 0.8623250126838684, "happiness": 0.013465669937431812}, "faceRectangle": {"width": 394, "height": 478, "left": 339, "top": 254}}]
14:59:22-thiagosilvaleite-2017-06-19-14:13:44.png$[{"scores": {"fear": 0.1227400153875351, "surprise": 0.06911833584308624, "disgust": 0.004500920884311199, "anger": 0.014042283408343792, "sadness": 0.08208370208740234, "contempt": 0.004500920884311199, "neutral": 0.6390421986579895, "happiness": 0.06847254186868668}, "faceRectangle": {"width": 424, "height": 480, "left": 340, "top": 237}}]
14:59:24-thiagosilvaleite-2017-06-19-14:13:51.png$[]
14:59:26-thiagosilvaleite-2017-06-19-14:13:48.png$[]
14:59:28-thiagosilvaleite-2017-06-19-14:14:17.png$[]
14:59:30-thiagosilvaleite-2017-06-19-14:14:07.png$[]
14:59:32-thiagosilvaleite-2017-06-19-14:13:57.png$[]
14:59:34-thiagosilvaleite-2017-06-19-14:14:11.png$[]
14:59:36-thiagosilvaleite-2017-06-19-14:14:18.png$[]
14:59:38-thiagosilvaleite-2017-06-19-14:14:23.png$[]
14:59:40-thiagosilvaleite-2017-06-19-14:14:27.png$[]
14:59:42-thiagosilvaleite-2017-06-19-14:14:34.png$[]
14:59:44-thiagosilvaleite-2017-06-19-14:14:33.png$[]
14:59:46-thiagosilvaleite-2017-06-19-14:14:33.png$[]
14:59:48-thiagosilvaleite-2017-06-19-14:14:32.png$[]
14:59:50-thiagosilvaleite-2017-06-19-14:14:42.png$[]
14:59:52-thiagosilvaleite-2017-06-19-14:14:37.png$[]
14:59:54-thiagosilvaleite-2017-06-19-14:14:48.png$[]
14:59:56-thiagosilvaleite-2017-06-19-14:14:49.png$[]
14:59:58-thiagosilvaleite-2017-06-19-14:14:48.png$[]
15:00:00-thiagosilvaleite-2017-06-19-14:14:50.png$[]
15:00:02-thiagosilvaleite-2017-06-19-14:14:41.png$[]
15:00:04-thiagosilvaleite-2017-06-19-14:14:46.png$[]
15:00:06-thiagosilvaleite-2017-06-19-14:14:50.png$[]
15:00:08-thiagosilvaleite-2017-06-19-14:14:50.png$[]
15:00:10-thiagosilvaleite-2017-06-19-14:15:11.png$[]
15:00:12-thiagosilvaleite-2017-06-19-14:15:11.png$[]
15:00:14-thiagosilvaleite-2017-06-19-14:15:16.png$[]
15:00:16-thiagosilvaleite-2017-06-19-14:15:13.png$[]
15:00:18-thiagosilvaleite-2017-06-19-14:14:58.png$[]
15:00:20-thiagosilvaleite-2017-06-19-14:14:57.png$[]
15:00:22-thiagosilvaleite-2017-06-19-14:15:02.png$[]
15:00:24-thiagosilvaleite-2017-06-19-14:15:03.png$[]
15:00:26-thiagosilvaleite-2017-06-19-14:15:10.png$[]
15:00:28-thiagosilvaleite-2017-06-19-14:15:12.png$[]
15:00:30-thiagosilvaleite-2017-06-19-14:15:16.png$[]
15:00:32-thiagosilvaleite-2017-06-19-14:15:34.png$[]
15:00:34-thiagosilvaleite-2017-06-19-14:15:15.png$[]
15:00:36-thiagosilvaleite-2017-06-19-14:15:37.png$[]
15:00:38-thiagosilvaleite-2017-06-19-14:15:39.png$[]
15:00:40-thiagosilvaleite-2017-06-19-14:15:59.png$[]
15:00:42-thiagosilvaleite-2017-06-19-14:16:13.png$[{"scores": {"fear": 0.03654470667243004, "surprise": 0.01457200013101101, "disgust": 0.007603377103805542, "anger": 0.004666474182158709, "sadness": 0.051482193171978, "contempt": 0.007603377103805542, "neutral": 0.41471850872039795, "happiness": 0.4704127907752991}, "faceRectangle": {"width": 444, "height": 480, "left": 309, "top": 226}}]
15:00:44-thiagosilvaleite-2017-06-19-14:15:59.png$[]
15:00:46-thiagosilvaleite-2017-06-19-14:16:03.png$[]
15:00:48-thiagosilvaleite-2017-06-19-14:16:15.png$[]
15:00:50-thiagosilvaleite-2017-06-19-14:16:25.png$[]
15:00:52-thiagosilvaleite-2017-06-19-14:16:39.png$[]
15:00:54-thiagosilvaleite-2017-06-19-14:17:10.png$[]
15:00:56-thiagosilvaleite-2017-06-19-14:17:22.png$[]
15:00:58-thiagosilvaleite-2017-06-19-14:17:17.png$[]
15:24:04-thiagosilvaleite-2017-06-19-14:24:36.png$[]
15:24:09-thiagosilvaleite-2017-06-19-14:24:23.png$[]
15:24:14-thiagosilvaleite-2017-06-19-14:24:46.png$[]
15:24:19-thiagosilvaleite-2017-06-19-14:24:43.png$[]
15:24:24-thiagosilvaleite-2017-06-19-14:24:30.png$[]
15:24:29-thiagosilvaleite-2017-06-19-14:24:33.png$[]
15:24:34-thiagosilvaleite-2017-06-19-14:25:19.png$[]
15:24:39-thiagosilvaleite-2017-06-19-14:24:40.png$[]
15:24:44-thiagosilvaleite-2017-06-19-14:24:57.png$[]
15:24:49-thiagosilvaleite-2017-06-19-14:24:58.png$[]
15:24:54-thiagosilvaleite-2017-06-19-14:25:19.png$[]
15:24:59-thiagosilvaleite-2017-06-19-14:25:26.png$[]
15:25:04-thiagosilvaleite-2017-06-19-14:25:06.png$[]
15:25:09-thiagosilvaleite-2017-06-19-14:25:10.png$[]
15:25:14-thiagosilvaleite-2017-06-19-14:25:23.png$[]
15:25:19-thiagosilvaleite-2017-06-19-14:25:21.png$[]
15:25:24-thiagosilvaleite-2017-06-19-14:25:26.png$[]
15:25:29-thiagosilvaleite-2017-06-19-14:25:31.png$[]
15:25:34-thiagosilvaleite-2017-06-19-14:25:36.png$[]
15:25:39-thiagosilvaleite-2017-06-19-14:25:41.png$[]
15:35:42-thiagosilvaleite-2017-06-19-14:35:43.png$[]
15:35:47-thiagosilvaleite-2017-06-19-14:35:48.png$[]
15:35:52-thiagosilvaleite-2017-06-19-14:35:53.png$[]
15:35:57-thiagosilvaleite-2017-06-19-14:35:58.png$[]
15:36:02-thiagosilvaleite-2017-06-19-14:36:03.png$[]
15:36:07-thiagosilvaleite-2017-06-19-14:36:08.png$[]
15:36:12-thiagosilvaleite-2017-06-19-14:36:13.png$[]
15:36:17-thiagosilvaleite-2017-06-19-14:36:18.png$[]
15:36:22-thiagosilvaleite-2017-06-19-14:36:23.png$[]
15:36:27-thiagosilvaleite-2017-06-19-14:36:28.png$[]
15:36:32-thiagosilvaleite-2017-06-19-14:36:33.png$[]
15:36:37-thiagosilvaleite-2017-06-19-14:36:38.png$[]
15:36:42-thiagosilvaleite-2017-06-19-14:36:43.png$[]
15:36:47-thiagosilvaleite-2017-06-19-14:36:48.png$[]
15:36:52-thiagosilvaleite-2017-06-19-14:36:53.png$[]
15:36:57-thiagosilvaleite-2017-06-19-14:36:58.png$[]
15:37:02-thiagosilvaleite-2017-06-19-14:37:03.png$[]
15:37:07-thiagosilvaleite-2017-06-19-14:37:08.png$[]
15:37:12-thiagosilvaleite-2017-06-19-14:37:13.png$[]
15:37:17-thiagosilvaleite-2017-06-19-14:37:18.png$[]
15:37:22-thiagosilvaleite-2017-06-19-14:37:23.png$[]
15:37:27-thiagosilvaleite-2017-06-19-14:37:28.png$[]
15:37:32-thiagosilvaleite-2017-06-19-14:37:33.png$[]
15:37:37-thiagosilvaleite-2017-06-19-14:37:38.png$[]
15:37:42-thiagosilvaleite-2017-06-19-14:37:43.png$[]
15:37:47-thiagosilvaleite-2017-06-19-14:37:48.png$[]
15:37:52-thiagosilvaleite-2017-06-19-14:37:53.png$[]
15:37:57-thiagosilvaleite-2017-06-19-14:37:58.png$[]
15:38:02-thiagosilvaleite-2017-06-19-14:38:03.png$[]
15:38:07-thiagosilvaleite-2017-06-19-14:38:08.png$[]
15:38:12-thiagosilvaleite-2017-06-19-14:38:13.png$[]
15:38:17-thiagosilvaleite-2017-06-19-14:38:18.png$[]
15:38:22-thiagosilvaleite-2017-06-19-14:38:23.png$[]
15:38:27-thiagosilvaleite-2017-06-19-14:38:28.png$[]
15:38:32-thiagosilvaleite-2017-06-19-14:38:33.png$[]
15:38:37-thiagosilvaleite-2017-06-19-14:38:38.png$[{"scores": {"fear": 0.06781445443630219, "surprise": 0.008269308134913445, "disgust": 0.029020119458436966, "anger": 0.020601388067007065, "sadness": 0.1384819597005844, "contempt": 0.029020119458436966, "neutral": 0.04604724794626236, "happiness": 0.6897655129432678}, "faceRectangle": {"width": 269, "height": 480, "left": 340, "top": 82}}]
15:38:42-thiagosilvaleite-2017-06-19-14:38:43.png$[]
15:38:47-thiagosilvaleite-2017-06-19-14:38:48.png$[]
15:38:52-thiagosilvaleite-2017-06-19-14:38:53.png$[]
15:38:57-thiagosilvaleite-2017-06-19-14:38:58.png$[]
15:39:02-thiagosilvaleite-2017-06-19-14:39:03.png$[]
15:39:07-thiagosilvaleite-2017-06-19-14:39:08.png$[{"scores": {"fear": 0.08708228170871735, "surprise": 0.09730110317468643, "disgust": 0.004702206235378981, "anger": 0.009509798139333725, "sadness": 0.3596470057964325, "contempt": 0.004702206235378981, "neutral": 0.4344274401664734, "happiness": 0.007330229505896568}, "faceRectangle": {"width": 441, "height": 480, "left": 340, "top": 254}}]
15:39:12-thiagosilvaleite-2017-06-19-14:39:13.png$[{"scores": {"fear": 0.057189591228961945, "surprise": 0.002433984773233533, "disgust": 0.004306628834456205, "anger": 0.011584951542317867, "sadness": 0.7426183819770813, "contempt": 0.004306628834456205, "neutral": 0.17951594293117523, "happiness": 0.0023505380377173424}, "faceRectangle": {"width": 458, "height": 480, "left": 323, "top": 271}}]
15:39:17-thiagosilvaleite-2017-06-19-14:39:18.png$[{"scores": {"fear": 0.07400284707546234, "surprise": 0.003521716920658946, "disgust": 0.0029972612392157316, "anger": 0.010093871504068375, "sadness": 0.8007333874702454, "contempt": 0.0029972612392157316, "neutral": 0.1062401607632637, "happiness": 0.0024108015932142735}, "faceRectangle": {"width": 458, "height": 480, "left": 323, "top": 271}}]
15:39:22-thiagosilvaleite-2017-06-19-14:39:23.png$[]
15:39:27-thiagosilvaleite-2017-06-19-14:39:28.png$[]
15:39:32-thiagosilvaleite-2017-06-19-14:39:33.png$[]
15:39:37-thiagosilvaleite-2017-06-19-14:39:38.png$[]
15:39:42-thiagosilvaleite-2017-06-19-14:39:43.png$[]
15:39:47-thiagosilvaleite-2017-06-19-14:39:48.png$[]
15:39:52-thiagosilvaleite-2017-06-19-14:39:53.png$[]
15:39:57-thiagosilvaleite-2017-06-19-14:39:58.png$[]
15:40:02-thiagosilvaleite-2017-06-19-14:40:03.png$[]
15:40:07-thiagosilvaleite-2017-06-19-14:40:08.png$[]
15:40:12-thiagosilvaleite-2017-06-19-14:40:13.png$[]
15:40:17-thiagosilvaleite-2017-06-19-14:40:18.png$[]
15:40:22-thiagosilvaleite-2017-06-19-14:40:23.png$[]
15:40:27-thiagosilvaleite-2017-06-19-14:40:28.png$[]
15:40:32-thiagosilvaleite-2017-06-19-14:40:33.png$[]
15:40:37-thiagosilvaleite-2017-06-19-14:40:38.png$[]
15:40:42-thiagosilvaleite-2017-06-19-14:40:43.png$[]
15:40:47-thiagosilvaleite-2017-06-19-14:40:48.png$[]
15:40:52-thiagosilvaleite-2017-06-19-14:40:53.png$[]
15:40:57-thiagosilvaleite-2017-06-19-14:41:03.png$[]
15:41:02-thiagosilvaleite-2017-06-19-14:41:04.png$[]
15:41:07-thiagosilvaleite-2017-06-19-14:41:08.png$[]
15:41:12-thiagosilvaleite-2017-06-19-14:41:13.png$[]
15:41:17-thiagosilvaleite-2017-06-19-14:41:18.png$[]
15:41:22-thiagosilvaleite-2017-06-19-14:41:23.png$[]
15:41:27-thiagosilvaleite-2017-06-19-14:41:28.png$[]
15:41:32-thiagosilvaleite-2017-06-19-14:41:33.png$[]
15:41:37-thiagosilvaleite-2017-06-19-14:41:38.png$[]
15:41:42-thiagosilvaleite-2017-06-19-14:41:43.png$[{"scores": {"fear": 0.007872599177062511, "surprise": 0.005900309421122074, "disgust": 0.006402377970516682, "anger": 0.0058804708532989025, "sadness": 0.04789092391729355, "contempt": 0.006402377970516682, "neutral": 0.9175606369972229, "happiness": 0.008492695167660713}, "faceRectangle": {"width": 444, "height": 480, "left": 268, "top": 226}}]
15:41:47-thiagosilvaleite-2017-06-19-14:41:48.png$[]
15:41:52-thiagosilvaleite-2017-06-19-14:41:53.png$[]
15:41:57-thiagosilvaleite-2017-06-19-14:41:58.png$[]
15:42:02-thiagosilvaleite-2017-06-19-14:42:03.png$[]
15:42:07-thiagosilvaleite-2017-06-19-14:42:08.png$[]
15:42:12-thiagosilvaleite-2017-06-19-14:42:13.png$[]
15:42:17-thiagosilvaleite-2017-06-19-14:42:18.png$[]
15:42:22-thiagosilvaleite-2017-06-19-14:42:23.png$[]
15:42:27-thiagosilvaleite-2017-06-19-14:42:28.png$[]
15:42:32-thiagosilvaleite-2017-06-19-14:42:33.png$[]
15:42:37-thiagosilvaleite-2017-06-19-14:42:38.png$[]
15:42:42-thiagosilvaleite-2017-06-19-14:42:43.png$[]
15:42:47-thiagosilvaleite-2017-06-19-14:42:48.png$[]
15:42:52-thiagosilvaleite-2017-06-19-14:42:53.png$[]
15:42:57-thiagosilvaleite-2017-06-19-14:42:58.png$[]
15:43:02-thiagosilvaleite-2017-06-19-14:43:03.png$[]
15:43:07-thiagosilvaleite-2017-06-19-14:43:08.png$[]
15:43:12-thiagosilvaleite-2017-06-19-14:43:13.png$[]
15:43:17-thiagosilvaleite-2017-06-19-14:43:18.png$[]
15:43:22-thiagosilvaleite-2017-06-19-14:43:23.png$[]
15:43:27-thiagosilvaleite-2017-06-19-14:43:28.png$[]
15:43:32-thiagosilvaleite-2017-06-19-14:43:33.png$[]
15:43:37-thiagosilvaleite-2017-06-19-14:43:38.png$[]
15:43:42-thiagosilvaleite-2017-06-19-14:43:43.png$[]
15:43:47-thiagosilvaleite-2017-06-19-14:43:48.png$[{"scores": {"fear": 0.008953585289418697, "surprise": 0.003986478317528963, "disgust": 0.006122012622654438, "anger": 0.00308832130394876, "sadness": 0.016818340867757797, "contempt": 0.006122012622654438, "neutral": 0.9356238842010498, "happiness": 0.02540740743279457}, "faceRectangle": {"width": 406, "height": 480, "left": 323, "top": 220}}]
15:43:52-thiagosilvaleite-2017-06-19-14:43:53.png$[]
15:43:57-thiagosilvaleite-2017-06-19-14:43:58.png$[]
15:44:02-thiagosilvaleite-2017-06-19-14:44:03.png$[]
15:44:07-thiagosilvaleite-2017-06-19-14:44:08.png$[]
15:44:12-thiagosilvaleite-2017-06-19-14:44:13.png$[]
15:44:17-thiagosilvaleite-2017-06-19-14:44:18.png$[]
15:44:22-thiagosilvaleite-2017-06-19-14:44:23.png$[]
15:44:27-thiagosilvaleite-2017-06-19-14:44:28.png$[]
15:44:32-thiagosilvaleite-2017-06-19-14:44:33.png$[]
15:44:37-thiagosilvaleite-2017-06-19-14:44:38.png$[{"scores": {"fear": 0.03247697651386261, "surprise": 0.00704931328073144, "disgust": 0.004075526725500822, "anger": 0.009755635634064674, "sadness": 0.12317950278520584, "contempt": 0.004075526725500822, "neutral": 0.8142503499984741, "happiness": 0.009212728589773178}, "faceRectangle": {"width": 406, "height": 480, "left": 323, "top": 220}}]
15:44:42-thiagosilvaleite-2017-06-19-14:44:43.png$[{"scores": {"fear": 0.03338951617479324, "surprise": 0.008097358047962189, "disgust": 0.004282640293240547, "anger": 0.00796540267765522, "sadness": 0.5864949226379395, "contempt": 0.004282640293240547, "neutral": 0.35765770077705383, "happiness": 0.002112517599016428}, "faceRectangle": {"width": 492, "height": 480, "left": 340, "top": 306}}]
15:44:47-thiagosilvaleite-2017-06-19-14:44:48.png$[]
15:44:52-thiagosilvaleite-2017-06-19-14:44:53.png$[]
15:44:57-thiagosilvaleite-2017-06-19-14:44:58.png$[]
15:45:02-thiagosilvaleite-2017-06-19-14:45:03.png$[]
15:45:07-thiagosilvaleite-2017-06-19-14:45:08.png$[]
15:45:12-thiagosilvaleite-2017-06-19-14:45:13.png$[]
15:45:17-thiagosilvaleite-2017-06-19-14:45:18.png$[]
15:45:22-thiagosilvaleite-2017-06-19-14:45:23.png$[]
15:45:27-thiagosilvaleite-2017-06-19-14:45:28.png$[]
15:45:32-thiagosilvaleite-2017-06-19-14:45:33.png$[]
15:45:37-thiagosilvaleite-2017-06-19-14:45:38.png$[]
15:45:42-thiagosilvaleite-2017-06-19-14:45:43.png$[]
15:45:47-thiagosilvaleite-2017-06-19-14:45:48.png$[]
15:45:52-thiagosilvaleite-2017-06-19-14:45:53.png$[]
15:45:57-thiagosilvaleite-2017-06-19-14:45:58.png$[]
15:46:02-thiagosilvaleite-2017-06-19-14:46:03.png$[]
15:46:07-thiagosilvaleite-2017-06-19-14:46:08.png$[]
15:46:12-thiagosilvaleite-2017-06-19-14:46:13.png$[]
15:46:17-thiagosilvaleite-2017-06-19-14:46:18.png$[]
15:46:22-thiagosilvaleite-2017-06-19-14:46:23.png$[]
15:46:27-thiagosilvaleite-2017-06-19-14:46:28.png$[]
15:46:32-thiagosilvaleite-2017-06-19-14:46:33.png$[]
15:46:37-thiagosilvaleite-2017-06-19-14:46:38.png$[]
15:46:42-thiagosilvaleite-2017-06-19-14:46:44.png$[]
15:46:47-thiagosilvaleite-2017-06-19-14:46:48.png$[]
15:46:52-thiagosilvaleite-2017-06-19-14:46:53.png$[]
15:46:57-thiagosilvaleite-2017-06-19-14:46:58.png$[]
15:47:02-thiagosilvaleite-2017-06-19-14:47:03.png$[]
15:47:07-thiagosilvaleite-2017-06-19-14:47:08.png$[]
15:47:12-thiagosilvaleite-2017-06-19-14:47:13.png$[{"scores": {"fear": 0.045585617423057556, "surprise": 0.03724052757024765, "disgust": 0.002244869712740183, "anger": 0.008678303100168705, "sadness": 0.15543335676193237, "contempt": 0.002244869712740183, "neutral": 0.7426419258117676, "happiness": 0.00817533116787672}, "faceRectangle": {"width": 355, "height": 480, "left": 340, "top": 168}}]
15:47:17-thiagosilvaleite-2017-06-19-14:47:18.png$[]
15:47:22-thiagosilvaleite-2017-06-19-14:47:23.png$[]
15:47:27-thiagosilvaleite-2017-06-19-14:47:28.png$[]
15:47:32-thiagosilvaleite-2017-06-19-14:47:33.png$[]
15:47:37-thiagosilvaleite-2017-06-19-14:47:38.png$[]
15:47:42-thiagosilvaleite-2017-06-19-14:47:43.png$[]
15:47:47-thiagosilvaleite-2017-06-19-14:47:48.png$[]
15:47:52-thiagosilvaleite-2017-06-19-14:47:53.png$[]
15:47:57-thiagosilvaleite-2017-06-19-14:47:58.png$[]
15:48:02-thiagosilvaleite-2017-06-19-14:48:03.png$[]
15:48:07-thiagosilvaleite-2017-06-19-14:48:08.png$[]
15:48:12-thiagosilvaleite-2017-06-19-14:48:13.png$[]
15:48:17-thiagosilvaleite-2017-06-19-14:48:18.png$[]
15:48:22-thiagosilvaleite-2017-06-19-14:48:23.png$[]
15:48:27-thiagosilvaleite-2017-06-19-14:48:28.png$[]
15:48:32-thiagosilvaleite-2017-06-19-14:48:33.png$[]
15:48:37-thiagosilvaleite-2017-06-19-14:48:38.png$[]
15:48:42-thiagosilvaleite-2017-06-19-14:48:43.png$[]
15:48:47-thiagosilvaleite-2017-06-19-14:48:48.png$[]
15:48:52-thiagosilvaleite-2017-06-19-14:48:53.png$[]
15:48:57-thiagosilvaleite-2017-06-19-14:48:58.png$[]
15:49:02-thiagosilvaleite-2017-06-19-14:49:03.png$[]
15:49:07-thiagosilvaleite-2017-06-19-14:49:08.png$[]
15:49:12-thiagosilvaleite-2017-06-19-14:49:13.png$[]
15:49:17-thiagosilvaleite-2017-06-19-14:49:18.png$[]
15:49:22-thiagosilvaleite-2017-06-19-14:49:23.png$[]
15:49:27-thiagosilvaleite-2017-06-19-14:49:28.png$[]
15:49:32-thiagosilvaleite-2017-06-19-14:49:33.png$[]
15:49:37-thiagosilvaleite-2017-06-19-14:49:38.png$[]
15:49:42-thiagosilvaleite-2017-06-19-14:49:45.png$[{"scores": {"fear": 0.6031233668327332, "surprise": 0.03962941840291023, "disgust": 0.017159871757030487, "anger": 0.039475977420806885, "sadness": 0.21574826538562775, "contempt": 0.017159871757030487, "neutral": 0.0797419473528862, "happiness": 0.005121128633618355}, "faceRectangle": {"width": 382, "height": 480, "left": 268, "top": 164}}]
15:49:47-thiagosilvaleite-2017-06-19-14:49:48.png$[]
15:49:52-thiagosilvaleite-2017-06-19-14:49:53.png$[]
15:49:57-thiagosilvaleite-2017-06-19-14:49:58.png$[]
15:50:02-thiagosilvaleite-2017-06-19-14:50:03.png$[]
15:50:07-thiagosilvaleite-2017-06-19-14:50:08.png$[]
15:50:12-thiagosilvaleite-2017-06-19-14:50:13.png$[]
15:50:17-thiagosilvaleite-2017-06-19-14:50:18.png$[]
15:50:22-thiagosilvaleite-2017-06-19-14:50:23.png$[{"scores": {"fear": 0.10616741329431534, "surprise": 0.20775894820690155, "disgust": 0.02441592514514923, "anger": 0.03775695338845253, "sadness": 0.19276130199432373, "contempt": 0.02441592514514923, "neutral": 0.4175402820110321, "happiness": 0.013599174097180367}, "faceRectangle": {"width": 355, "height": 480, "left": 323, "top": 168}}]
15:50:27-thiagosilvaleite-2017-06-19-14:50:28.png$[]
15:50:32-thiagosilvaleite-2017-06-19-14:50:33.png$[]
15:50:37-thiagosilvaleite-2017-06-19-14:50:38.png$[]
15:50:42-thiagosilvaleite-2017-06-19-14:50:43.png$[]
15:50:47-thiagosilvaleite-2017-06-19-14:50:48.png$[{"scores": {"fear": 0.01833139732480049, "surprise": 0.005629872903227806, "disgust": 0.014564811252057552, "anger": 0.009889946319162846, "sadness": 0.15637314319610596, "contempt": 0.014564811252057552, "neutral": 0.7844308614730835, "happiness": 0.010780053213238716}, "faceRectangle": {"width": 441, "height": 480, "left": 306, "top": 254}}]
15:50:52-thiagosilvaleite-2017-06-19-14:50:53.png$[]
15:50:57-thiagosilvaleite-2017-06-19-14:50:58.png$[]
15:51:02-thiagosilvaleite-2017-06-19-14:51:03.png$[]
15:51:07-thiagosilvaleite-2017-06-19-14:51:08.png$[]
15:51:12-thiagosilvaleite-2017-06-19-14:51:14.png$[]
15:51:17-thiagosilvaleite-2017-06-19-14:51:18.png$[]
15:51:22-thiagosilvaleite-2017-06-19-14:51:23.png$[{"scores": {"fear": 0.01920435018837452, "surprise": 0.0037088484968990088, "disgust": 0.0306533370167017, "anger": 0.031237713992595673, "sadness": 0.524039089679718, "contempt": 0.0306533370167017, "neutral": 0.3870520293712616, "happiness": 0.004104602616280317}, "faceRectangle": {"width": 424, "height": 458, "left": 272, "top": 237}}]
15:51:27-thiagosilvaleite-2017-06-19-14:51:28.png$[{"scores": {"fear": 0.02905510552227497, "surprise": 0.037898533046245575, "disgust": 0.020826715975999832, "anger": 0.02217988483607769, "sadness": 0.04015946388244629, "contempt": 0.020826715975999832, "neutral": 0.8257373571395874, "happiness": 0.02414293959736824}, "faceRectangle": {"width": 514, "height": 480, "left": 215, "top": 214}}]
15:51:32-thiagosilvaleite-2017-06-19-14:51:33.png$[{"scores": {"fear": 0.005530463065952063, "surprise": 0.011053049936890602, "disgust": 0.007936624810099602, "anger": 0.009294155053794384, "sadness": 0.1796286404132843, "contempt": 0.007936624810099602, "neutral": 0.7729047536849976, "happiness": 0.013652320019900799}, "faceRectangle": {"width": 554, "height": 480, "left": 250, "top": 299}}]
15:51:37-thiagosilvaleite-2017-06-19-14:51:38.png$[{"scores": {"fear": 0.009056374430656433, "surprise": 0.01053329836577177, "disgust": 0.018083862960338593, "anger": 0.010836070403456688, "sadness": 0.24630923569202423, "contempt": 0.018083862960338593, "neutral": 0.68063884973526, "happiness": 0.024542242288589478}, "faceRectangle": {"width": 554, "height": 480, "left": 250, "top": 299}}]
15:51:42-thiagosilvaleite-2017-06-19-14:51:43.png$[]
15:51:47-thiagosilvaleite-2017-06-19-14:51:48.png$[{"scores": {"fear": 0.006093721371144056, "surprise": 0.020332615822553635, "disgust": 0.01656123250722885, "anger": 0.01010120753198862, "sadness": 0.12924499809741974, "contempt": 0.01656123250722885, "neutral": 0.7854897379875183, "happiness": 0.03217654675245285}, "faceRectangle": {"width": 554, "height": 480, "left": 250, "top": 299}}]
15:51:52-thiagosilvaleite-2017-06-19-14:51:53.png$[{"scores": {"fear": 0.006539829075336456, "surprise": 0.01216712687164545, "disgust": 0.02213388681411743, "anger": 0.010797836817800999, "sadness": 0.18491363525390625, "contempt": 0.02213388681411743, "neutral": 0.7402252554893494, "happiness": 0.023222431540489197}, "faceRectangle": {"width": 554, "height": 480, "left": 250, "top": 299}}]
15:51:57-thiagosilvaleite-2017-06-19-14:51:58.png$[{"scores": {"fear": 0.0033728822600096464, "surprise": 0.00916009396314621, "disgust": 0.014351717196404934, "anger": 0.005722937639802694, "sadness": 0.10574492067098618, "contempt": 0.014351717196404934, "neutral": 0.8295834064483643, "happiness": 0.03206409141421318}, "faceRectangle": {"width": 554, "height": 480, "left": 250, "top": 299}}]
15:52:02-thiagosilvaleite-2017-06-19-14:52:03.png$[{"scores": {"fear": 0.004182533361017704, "surprise": 0.007477495353668928, "disgust": 0.013309613801538944, "anger": 0.005815673153847456, "sadness": 0.14902564883232117, "contempt": 0.013309613801538944, "neutral": 0.786311149597168, "happiness": 0.03387781232595444}, "faceRectangle": {"width": 554, "height": 480, "left": 250, "top": 299}}]
15:52:07-thiagosilvaleite-2017-06-19-14:52:08.png$[{"scores": {"fear": 0.0016156521160155535, "surprise": 0.030772419646382332, "disgust": 0.003634146647527814, "anger": 0.0008673245320096612, "sadness": 0.012502612546086311, "contempt": 0.003634146647527814, "neutral": 0.8352079391479492, "happiness": 0.11539993435144424}, "faceRectangle": {"width": 567, "height": 480, "left": 268, "top": 350}}]
15:52:12-thiagosilvaleite-2017-06-19-14:52:13.png$[]
15:52:17-thiagosilvaleite-2017-06-19-14:52:18.png$[]
15:52:22-thiagosilvaleite-2017-06-19-14:52:23.png$[]
15:52:27-thiagosilvaleite-2017-06-19-14:52:28.png$[]
15:52:32-thiagosilvaleite-2017-06-19-14:52:33.png$[]
15:52:37-thiagosilvaleite-2017-06-19-14:52:38.png$[]
15:52:42-thiagosilvaleite-2017-06-19-14:52:43.png$[]
15:52:47-thiagosilvaleite-2017-06-19-14:52:48.png$[]
15:52:52-thiagosilvaleite-2017-06-19-14:52:53.png$[]
15:52:57-thiagosilvaleite-2017-06-19-14:52:58.png$[]
15:53:02-thiagosilvaleite-2017-06-19-14:53:03.png$[]
15:53:07-thiagosilvaleite-2017-06-19-14:53:08.png$[]
15:53:12-thiagosilvaleite-2017-06-19-14:53:13.png$[]
15:53:17-thiagosilvaleite-2017-06-19-14:53:18.png$[]
15:53:22-thiagosilvaleite-2017-06-19-14:53:23.png$[]
15:53:27-thiagosilvaleite-2017-06-19-14:53:28.png$[]
15:53:32-thiagosilvaleite-2017-06-19-14:53:33.png$[]
15:53:37-thiagosilvaleite-2017-06-19-14:53:38.png$[]
15:53:42-thiagosilvaleite-2017-06-19-14:53:43.png$[]
15:53:47-thiagosilvaleite-2017-06-19-14:53:48.png$[]
15:53:52-thiagosilvaleite-2017-06-19-14:53:53.png$[]
15:53:57-thiagosilvaleite-2017-06-19-14:53:58.png$[]
15:54:02-thiagosilvaleite-2017-06-19-14:54:03.png$[]
15:54:07-thiagosilvaleite-2017-06-19-14:54:08.png$[]
15:54:12-thiagosilvaleite-2017-06-19-14:54:14.png$[]
15:54:17-thiagosilvaleite-2017-06-19-14:54:18.png$[]
15:54:22-thiagosilvaleite-2017-06-19-14:54:23.png$[]
15:54:27-thiagosilvaleite-2017-06-19-14:54:28.png$[]
15:54:32-thiagosilvaleite-2017-06-19-14:54:33.png$[]
15:54:37-thiagosilvaleite-2017-06-19-14:54:38.png$[]
15:54:42-thiagosilvaleite-2017-06-19-14:54:43.png$[]
15:54:47-thiagosilvaleite-2017-06-19-14:54:48.png$[]
15:54:52-thiagosilvaleite-2017-06-19-14:54:53.png$[]
15:54:57-thiagosilvaleite-2017-06-19-14:54:58.png$[]
15:55:02-thiagosilvaleite-2017-06-19-14:55:03.png$[]
15:55:07-thiagosilvaleite-2017-06-19-14:55:08.png$[]
15:55:12-thiagosilvaleite-2017-06-19-14:55:13.png$[{"scores": {"fear": 0.02567758783698082, "surprise": 0.014592624269425869, "disgust": 0.003192949341610074, "anger": 0.003759366227313876, "sadness": 0.14499783515930176, "contempt": 0.003192949341610074, "neutral": 0.7903926372528076, "happiness": 0.017386995255947113}, "faceRectangle": {"width": 372, "height": 480, "left": 323, "top": 185}}]
15:55:17-thiagosilvaleite-2017-06-19-14:55:18.png$[]
15:55:22-thiagosilvaleite-2017-06-19-14:55:23.png$[{"scores": {"fear": 0.19944073259830475, "surprise": 0.00840690266340971, "disgust": 0.002755817025899887, "anger": 0.015203830786049366, "sadness": 0.2616971433162689, "contempt": 0.002755817025899887, "neutral": 0.509763777256012, "happiness": 0.002731850603595376}, "faceRectangle": {"width": 372, "height": 480, "left": 323, "top": 185}}]
15:55:27-thiagosilvaleite-2017-06-19-14:55:28.png$[]
15:55:32-thiagosilvaleite-2017-06-19-14:55:33.png$[{"scores": {"fear": 0.09203483164310455, "surprise": 0.03842400386929512, "disgust": 0.0026373169384896755, "anger": 0.016194969415664673, "sadness": 0.17964217066764832, "contempt": 0.0026373169384896755, "neutral": 0.6489572525024414, "happiness": 0.022109420970082283}, "faceRectangle": {"width": 372, "height": 480, "left": 323, "top": 185}}]
15:55:37-thiagosilvaleite-2017-06-19-14:55:38.png$[]
15:55:42-thiagosilvaleite-2017-06-19-14:55:45.png$[]
15:55:47-thiagosilvaleite-2017-06-19-14:55:48.png$[]
15:55:52-thiagosilvaleite-2017-06-19-14:55:53.png$[]
15:55:57-thiagosilvaleite-2017-06-19-14:55:58.png$[]
15:56:02-thiagosilvaleite-2017-06-19-14:56:03.png$[]
15:56:07-thiagosilvaleite-2017-06-19-14:56:08.png$[]
15:56:12-thiagosilvaleite-2017-06-19-14:56:13.png$[]
15:56:17-thiagosilvaleite-2017-06-19-14:56:18.png$[]
15:56:22-thiagosilvaleite-2017-06-19-14:56:23.png$[]
15:56:27-thiagosilvaleite-2017-06-19-14:56:28.png$[]
15:56:32-thiagosilvaleite-2017-06-19-14:56:33.png$[]
15:56:37-thiagosilvaleite-2017-06-19-14:56:38.png$[]
15:56:42-thiagosilvaleite-2017-06-19-14:56:43.png$[]
15:56:47-thiagosilvaleite-2017-06-19-14:56:48.png$[{"scores": {"fear": 0.04756082594394684, "surprise": 0.013343623839318752, "disgust": 0.020610474050045013, "anger": 0.013696432113647461, "sadness": 0.1850878894329071, "contempt": 0.020610474050045013, "neutral": 0.7103121280670166, "happiness": 0.00938864704221487}, "faceRectangle": {"width": 389, "height": 480, "left": 340, "top": 202}}]
15:56:52-thiagosilvaleite-2017-06-19-14:56:53.png$[]
15:56:57-thiagosilvaleite-2017-06-19-14:56:58.png$[]
15:57:02-thiagosilvaleite-2017-06-19-14:57:03.png$[]
15:57:07-thiagosilvaleite-2017-06-19-14:57:08.png$[]
15:57:12-thiagosilvaleite-2017-06-19-14:57:13.png$[]
15:57:17-thiagosilvaleite-2017-06-19-14:57:18.png$[]
15:57:22-thiagosilvaleite-2017-06-19-14:57:23.png$[]
15:57:27-thiagosilvaleite-2017-06-19-14:57:28.png$[]
15:57:32-thiagosilvaleite-2017-06-19-14:57:33.png$[]
15:57:37-thiagosilvaleite-2017-06-19-14:57:38.png$[]
15:57:42-thiagosilvaleite-2017-06-19-14:57:43.png$[]
15:57:47-thiagosilvaleite-2017-06-19-14:57:48.png$[]
15:57:52-thiagosilvaleite-2017-06-19-14:57:53.png$[]
15:57:57-thiagosilvaleite-2017-06-19-14:57:58.png$[]
15:58:02-thiagosilvaleite-2017-06-19-14:58:03.png$[]
15:58:07-thiagosilvaleite-2017-06-19-14:58:08.png$[]
15:58:12-thiagosilvaleite-2017-06-19-14:58:13.png$[]
15:58:17-thiagosilvaleite-2017-06-19-14:58:18.png$[]
15:58:22-thiagosilvaleite-2017-06-19-14:58:23.png$[]
15:58:27-thiagosilvaleite-2017-06-19-14:58:28.png$[]
15:58:32-thiagosilvaleite-2017-06-19-14:58:33.png$[]
15:58:37-thiagosilvaleite-2017-06-19-14:58:38.png$[{"scores": {"fear": 0.08243944495916367, "surprise": 0.003980897832661867, "disgust": 0.016808785498142242, "anger": 0.02139710821211338, "sadness": 0.6479953527450562, "contempt": 0.016808785498142242, "neutral": 0.19575776159763336, "happiness": 0.03162062540650368}, "faceRectangle": {"width": 389, "height": 480, "left": 340, "top": 202}}]
15:58:42-thiagosilvaleite-2017-06-19-14:58:43.png$[]
15:58:47-thiagosilvaleite-2017-06-19-14:58:48.png$[]
15:58:52-thiagosilvaleite-2017-06-19-14:58:53.png$[]
15:58:57-thiagosilvaleite-2017-06-19-14:58:58.png$[]
15:59:02-thiagosilvaleite-2017-06-19-14:59:03.png$[]
15:59:07-thiagosilvaleite-2017-06-19-14:59:08.png$[]
15:59:12-thiagosilvaleite-2017-06-19-14:59:13.png$[]
15:59:17-thiagosilvaleite-2017-06-19-14:59:18.png$[]
15:59:22-thiagosilvaleite-2017-06-19-14:59:23.png$[]
15:59:27-thiagosilvaleite-2017-06-19-14:59:28.png$[]
15:59:32-thiagosilvaleite-2017-06-19-14:59:33.png$[]
15:59:37-thiagosilvaleite-2017-06-19-14:59:38.png$[]
15:59:42-thiagosilvaleite-2017-06-19-14:59:43.png$[{"scores": {"fear": 0.019137106835842133, "surprise": 0.011757276952266693, "disgust": 0.00490290392190218, "anger": 0.011319756507873535, "sadness": 0.06550406664609909, "contempt": 0.00490290392190218, "neutral": 0.8794909119606018, "happiness": 0.007887999527156353}, "faceRectangle": {"width": 510, "height": 480, "left": 306, "top": 323}}]
15:59:47-thiagosilvaleite-2017-06-19-14:59:48.png$[]
15:59:52-thiagosilvaleite-2017-06-19-14:59:53.png$[]
15:59:57-thiagosilvaleite-2017-06-19-14:59:58.png$[]
16:00:02-thiagosilvaleite-2017-06-19-15:00:03.png$[]
16:00:07-thiagosilvaleite-2017-06-19-15:00:08.png$[]
16:00:12-thiagosilvaleite-2017-06-19-15:00:13.png$[]
16:00:17-thiagosilvaleite-2017-06-19-15:00:18.png$[]
16:00:22-thiagosilvaleite-2017-06-19-15:00:23.png$[]
16:00:27-thiagosilvaleite-2017-06-19-15:00:28.png$[]
16:00:32-thiagosilvaleite-2017-06-19-15:00:33.png$[]
16:00:37-thiagosilvaleite-2017-06-19-15:00:38.png$[]
16:00:42-thiagosilvaleite-2017-06-19-15:00:43.png$[]
16:00:47-thiagosilvaleite-2017-06-19-15:00:48.png$[]
16:00:52-thiagosilvaleite-2017-06-19-15:00:53.png$[]
16:00:57-thiagosilvaleite-2017-06-19-15:00:58.png$[]
16:01:02-thiagosilvaleite-2017-06-19-15:01:03.png$[]
16:01:07-thiagosilvaleite-2017-06-19-15:01:08.png$[]
16:01:12-thiagosilvaleite-2017-06-19-15:01:13.png$[]
16:01:17-thiagosilvaleite-2017-06-19-15:01:19.png$[]
16:01:22-thiagosilvaleite-2017-06-19-15:01:23.png$[]
16:01:27-thiagosilvaleite-2017-06-19-15:01:28.png$[]
16:01:32-thiagosilvaleite-2017-06-19-15:01:33.png$[]
16:01:37-thiagosilvaleite-2017-06-19-15:01:38.png$[]
16:01:42-thiagosilvaleite-2017-06-19-15:01:43.png$[]
16:01:47-thiagosilvaleite-2017-06-19-15:01:48.png$[]
16:01:52-thiagosilvaleite-2017-06-19-15:01:53.png$[{"scores": {"fear": 0.0844273790717125, "surprise": 0.005247826222330332, "disgust": 0.006489393301308155, "anger": 0.008028373122215271, "sadness": 0.7372742891311646, "contempt": 0.006489393301308155, "neutral": 0.1568738967180252, "happiness": 0.001658824970945716}, "faceRectangle": {"width": 406, "height": 480, "left": 323, "top": 220}}]
16:01:57-thiagosilvaleite-2017-06-19-15:01:58.png$[]
16:02:02-thiagosilvaleite-2017-06-19-15:02:03.png$[]
16:02:07-thiagosilvaleite-2017-06-19-15:02:08.png$[]
16:02:12-thiagosilvaleite-2017-06-19-15:02:13.png$[]
16:02:17-thiagosilvaleite-2017-06-19-15:02:18.png$[]
16:02:22-thiagosilvaleite-2017-06-19-15:02:23.png$[]
16:02:27-thiagosilvaleite-2017-06-19-15:02:28.png$[]
16:02:32-thiagosilvaleite-2017-06-19-15:02:33.png$[]
16:02:37-thiagosilvaleite-2017-06-19-15:02:38.png$[]
16:02:42-thiagosilvaleite-2017-06-19-15:02:43.png$[]
16:02:47-thiagosilvaleite-2017-06-19-15:02:48.png$[]
16:02:52-thiagosilvaleite-2017-06-19-15:02:53.png$[]
16:02:57-thiagosilvaleite-2017-06-19-15:02:58.png$[]
16:03:02-thiagosilvaleite-2017-06-19-15:03:03.png$[]
16:03:07-thiagosilvaleite-2017-06-19-15:03:08.png$[]
16:03:12-thiagosilvaleite-2017-06-19-15:03:13.png$[]
16:03:17-thiagosilvaleite-2017-06-19-15:03:18.png$[]
16:03:22-thiagosilvaleite-2017-06-19-15:03:23.png$[]
16:03:27-thiagosilvaleite-2017-06-19-15:03:28.png$[]
16:03:32-thiagosilvaleite-2017-06-19-15:03:33.png$[]
16:03:37-thiagosilvaleite-2017-06-19-15:03:38.png$[]
16:03:42-thiagosilvaleite-2017-06-19-15:03:43.png$[]
16:03:47-thiagosilvaleite-2017-06-19-15:03:48.png$[]
16:03:52-thiagosilvaleite-2017-06-19-15:03:53.png$[]
16:03:57-thiagosilvaleite-2017-06-19-15:03:58.png$[]
16:04:02-thiagosilvaleite-2017-06-19-15:04:03.png$[]
16:04:07-thiagosilvaleite-2017-06-19-15:04:08.png$[]
16:04:12-thiagosilvaleite-2017-06-19-15:04:13.png$[]
16:04:17-thiagosilvaleite-2017-06-19-15:04:18.png$[]
16:04:22-thiagosilvaleite-2017-06-19-15:04:23.png$[]
16:04:27-thiagosilvaleite-2017-06-19-15:04:28.png$[]
16:04:32-thiagosilvaleite-2017-06-19-15:04:33.png$[]
16:04:37-thiagosilvaleite-2017-06-19-15:04:38.png$[]
16:04:42-thiagosilvaleite-2017-06-19-15:04:43.png$[]
16:04:47-thiagosilvaleite-2017-06-19-15:04:48.png$[]
16:04:52-thiagosilvaleite-2017-06-19-15:04:53.png$[]
16:04:57-thiagosilvaleite-2017-06-19-15:04:58.png$[]
16:05:02-thiagosilvaleite-2017-06-19-15:05:03.png$[]
16:05:07-thiagosilvaleite-2017-06-19-15:05:08.png$[]
16:05:12-thiagosilvaleite-2017-06-19-15:05:13.png$[]
16:05:17-thiagosilvaleite-2017-06-19-15:05:18.png$[]
16:05:22-thiagosilvaleite-2017-06-19-15:05:23.png$[]
16:05:27-thiagosilvaleite-2017-06-19-15:05:28.png$[]
16:05:32-thiagosilvaleite-2017-06-19-15:05:33.png$[]
16:05:37-thiagosilvaleite-2017-06-19-15:05:38.png$[]
16:05:42-thiagosilvaleite-2017-06-19-15:05:43.png$[]
16:05:47-thiagosilvaleite-2017-06-19-15:05:48.png$[]
16:05:52-thiagosilvaleite-2017-06-19-15:05:53.png$[{"scores": {"fear": 0.043814726173877716, "surprise": 0.018026959151029587, "disgust": 0.04526234418153763, "anger": 0.012612913735210896, "sadness": 0.0973166674375534, "contempt": 0.04526234418153763, "neutral": 0.7815316319465637, "happiness": 0.001434819307178259}, "faceRectangle": {"width": 475, "height": 480, "left": 323, "top": 288}}]
16:05:57-thiagosilvaleite-2017-06-19-15:05:58.png$[]
16:06:02-thiagosilvaleite-2017-06-19-15:06:03.png$[]
16:06:07-thiagosilvaleite-2017-06-19-15:06:08.png$[]
16:06:12-thiagosilvaleite-2017-06-19-15:06:13.png$[]
16:06:17-thiagosilvaleite-2017-06-19-15:06:18.png$[]
16:06:22-thiagosilvaleite-2017-06-19-15:06:23.png$[]
16:06:27-thiagosilvaleite-2017-06-19-15:06:28.png$[]
16:06:32-thiagosilvaleite-2017-06-19-15:06:33.png$[]
16:06:37-thiagosilvaleite-2017-06-19-15:06:38.png$[]
16:06:42-thiagosilvaleite-2017-06-19-15:06:43.png$[]
16:06:47-thiagosilvaleite-2017-06-19-15:06:48.png$[]
16:06:52-thiagosilvaleite-2017-06-19-15:06:53.png$[]
16:06:57-thiagosilvaleite-2017-06-19-15:06:58.png$[]
16:07:02-thiagosilvaleite-2017-06-19-15:07:03.png$[]
16:07:07-thiagosilvaleite-2017-06-19-15:07:08.png$[]
16:07:12-thiagosilvaleite-2017-06-19-15:07:13.png$[]
16:07:17-thiagosilvaleite-2017-06-19-15:07:18.png$[]
16:07:22-thiagosilvaleite-2017-06-19-15:07:23.png$[{"scores": {"fear": 0.002813112922012806, "surprise": 0.01506891567260027, "disgust": 0.004652354866266251, "anger": 0.0012792762136086822, "sadness": 0.02023366466164589, "contempt": 0.004652354866266251, "neutral": 0.8089771866798401, "happiness": 0.14697539806365967}, "faceRectangle": {"width": 505, "height": 480, "left": 268, "top": 288}}]
16:07:27-thiagosilvaleite-2017-06-19-15:07:28.png$[{"scores": {"fear": 0.005675962660461664, "surprise": 0.013369709253311157, "disgust": 0.01766546070575714, "anger": 0.004864300135523081, "sadness": 0.028983626514673233, "contempt": 0.01766546070575714, "neutral": 0.9093348979949951, "happiness": 0.020106103271245956}, "faceRectangle": {"width": 485, "height": 480, "left": 268, "top": 267}}]
16:07:32-thiagosilvaleite-2017-06-19-15:07:33.png$[{"scores": {"fear": 0.010755788534879684, "surprise": 0.0332258865237236, "disgust": 0.03931999206542969, "anger": 0.0051701124757528305, "sadness": 0.03503654524683952, "contempt": 0.03931999206542969, "neutral": 0.8102053999900818, "happiness": 0.06628630310297012}, "faceRectangle": {"width": 505, "height": 480, "left": 268, "top": 288}}]
16:07:37-thiagosilvaleite-2017-06-19-15:07:38.png$[]
16:07:42-thiagosilvaleite-2017-06-19-15:07:43.png$[]
16:07:47-thiagosilvaleite-2017-06-19-15:07:48.png$[]
16:07:52-thiagosilvaleite-2017-06-19-15:07:53.png$[]
16:07:57-thiagosilvaleite-2017-06-19-15:07:58.png$[]
16:08:02-thiagosilvaleite-2017-06-19-15:08:03.png$[]
16:08:07-thiagosilvaleite-2017-06-19-15:08:08.png$[]
16:08:12-thiagosilvaleite-2017-06-19-15:08:13.png$[]
16:08:17-thiagosilvaleite-2017-06-19-15:08:18.png$[]
16:08:22-thiagosilvaleite-2017-06-19-15:08:23.png$[]
16:08:27-thiagosilvaleite-2017-06-19-15:08:28.png$[]
16:08:32-thiagosilvaleite-2017-06-19-15:08:33.png$[]
16:08:37-thiagosilvaleite-2017-06-19-15:08:38.png$[]
16:08:42-thiagosilvaleite-2017-06-19-15:08:43.png$[{"scores": {"fear": 0.12086867541074753, "surprise": 0.23543597757816315, "disgust": 0.014803900383412838, "anger": 0.00866879615932703, "sadness": 0.11969571560621262, "contempt": 0.014803900383412838, "neutral": 0.48605310916900635, "happiness": 0.014473896473646164}, "faceRectangle": {"width": 458, "height": 480, "left": 323, "top": 271}}]
16:08:47-thiagosilvaleite-2017-06-19-15:08:48.png$[]
16:08:52-thiagosilvaleite-2017-06-19-15:08:53.png$[]
16:08:57-thiagosilvaleite-2017-06-19-15:08:58.png$[]
16:09:02-thiagosilvaleite-2017-06-19-15:09:03.png$[]
16:09:07-thiagosilvaleite-2017-06-19-15:09:08.png$[]
16:09:12-thiagosilvaleite-2017-06-19-15:09:13.png$[]
16:09:17-thiagosilvaleite-2017-06-19-15:09:18.png$[]
