10:00:03-aluno11-2017-06-03-10:00:03.png,,${"error":{"code":"FailedToDownloadImage","message":"Failed to download the image from the URL."}}
10:00:11-aluno11-2017-06-03-10:00:11.png,,${"error":{"code":"FailedToDownloadImage","message":"Failed to download the image from the URL."}}
10:00:13-aluno11-2017-06-03-10:00:13.png,,${"error":{"code":"FailedToDownloadImage","message":"Failed to download the image from the URL."}}
10:00:03-aluno11-2017-06-03-10:00:03.png$[]
10:00:11-aluno11-2017-06-03-10:00:11.png$[]
10:00:13-aluno11-2017-06-03-10:00:13.png$[]
10:00:19-aluno11-2017-06-03-10:00:19.png$[]
10:00:27-aluno11-2017-06-03-10:00:27.png$[]
10:00:29-aluno11-2017-06-03-10:00:29.png$[]
10:00:39-aluno11-2017-06-03-10:00:39.png$[]
10:00:41-aluno11-2017-06-03-10:00:41.png$[]
10:00:47-aluno11-2017-06-03-10:00:47.png$[]
10:00:53-aluno11-2017-06-03-10:00:53.png$[]
10:00:59-aluno11-2017-06-03-10:00:59.png$[]
10:01:01-aluno11-2017-06-03-10:01:01.png$[]
10:01:07-aluno11-2017-06-03-10:01:07.png$[]
10:01:09-aluno11-2017-06-03-10:01:09.png$[]
10:01:11-aluno11-2017-06-03-10:01:11.png$[]
10:01:21-aluno11-2017-06-03-10:01:22.png$[]
10:01:23-aluno11-2017-06-03-10:01:23.png$[]
10:01:27-aluno11-2017-06-03-10:01:27.png$[]
10:01:29-aluno11-2017-06-03-10:01:29.png$[]
10:01:31-aluno11-2017-06-03-10:01:31.png$[]
10:01:33-aluno11-2017-06-03-10:01:33.png${ "error": { "code": "RateLimitExceeded", "message": "Rate limit is exceeded. Try again later." } }
10:01:39-aluno11-2017-06-03-10:01:39.png${ "error": { "code": "RateLimitExceeded", "message": "Rate limit is exceeded. Try again later." } }
10:01:49-aluno11-2017-06-03-10:01:49.png${ "error": { "code": "RateLimitExceeded", "message": "Rate limit is exceeded. Try again later." } }
10:02:03-aluno11-2017-06-03-10:02:03.png${ "error": { "code": "RateLimitExceeded", "message": "Rate limit is exceeded. Try again later." } }
10:02:05-aluno11-2017-06-03-10:02:05.png${ "error": { "code": "RateLimitExceeded", "message": "Rate limit is exceeded. Try again later." } }
10:02:11-aluno11-2017-06-03-10:02:11.png${ "error": { "code": "RateLimitExceeded", "message": "Rate limit is exceeded. Try again later." } }
10:02:21-aluno11-2017-06-03-10:02:21.png$[]
10:02:25-aluno11-2017-06-03-10:02:25.png$[]
10:02:29-aluno11-2017-06-03-10:02:29.png$[]
10:02:41-aluno11-2017-06-03-10:02:41.png$[]
10:02:43-aluno11-2017-06-03-10:02:43.png$[]
10:02:45-aluno11-2017-06-03-10:02:45.png$[]
10:02:49-aluno11-2017-06-03-10:02:49.png$[]
10:02:57-aluno11-2017-06-03-10:02:57.png$[]
10:02:59-aluno11-2017-06-03-10:02:59.png$[]
10:03:03-aluno11-2017-06-03-10:03:03.png$[]
10:03:07-aluno11-2017-06-03-10:03:07.png$[]
10:03:13-aluno11-2017-06-03-10:03:13.png$[]
10:03:17-aluno11-2017-06-03-10:03:17.png$[]
10:03:25-aluno11-2017-06-03-10:03:25.png$[]
10:03:27-aluno11-2017-06-03-10:03:27.png$[]
10:03:31-aluno11-2017-06-03-10:03:31.png$[]
10:03:35-aluno11-2017-06-03-10:03:35.png$[]
10:03:39-aluno11-2017-06-03-10:03:39.png$[]
10:03:41-aluno11-2017-06-03-10:03:41.png$[]
10:03:43-aluno11-2017-06-03-10:03:43.png$[]
10:03:45-aluno11-2017-06-03-10:03:45.png$[]
10:03:49-aluno11-2017-06-03-10:03:49.png$[]
10:03:51-aluno11-2017-06-03-10:03:51.png$[]
10:03:53-aluno11-2017-06-03-10:03:53.png$[]
10:03:55-aluno11-2017-06-03-10:03:55.png$[]
10:03:57-aluno11-2017-06-03-10:03:57.png$[]
10:04:01-aluno11-2017-06-03-10:04:01.png$[]
10:04:03-aluno11-2017-06-03-10:04:03.png$[]
10:04:07-aluno11-2017-06-03-10:04:08.png$[]
10:04:09-aluno11-2017-06-03-10:04:09.png$[]
10:04:19-aluno11-2017-06-03-10:04:20.png$[]
10:04:23-aluno11-2017-06-03-10:04:23.png$[]
10:04:25-aluno11-2017-06-03-10:04:25.png$[]
10:04:27-aluno11-2017-06-03-10:04:27.png$[]
10:04:29-aluno11-2017-06-03-10:04:29.png$[]
10:04:31-aluno11-2017-06-03-10:04:31.png$[]
10:04:41-aluno11-2017-06-03-10:04:41.png$[]
10:04:45-aluno11-2017-06-03-10:04:45.png$[]
10:04:49-aluno11-2017-06-03-10:04:49.png$[]
10:04:59-aluno11-2017-06-03-10:04:59.png$[]
10:05:05-aluno11-2017-06-03-10:05:05.png$[]
10:05:09-aluno11-2017-06-03-10:05:09.png$[]
10:05:13-aluno11-2017-06-03-10:05:13.png$[]
10:05:15-aluno11-2017-06-03-10:05:15.png$[]
10:05:19-aluno11-2017-06-03-10:05:19.png$[]
10:05:37-aluno11-2017-06-03-10:05:37.png$[]
10:05:39-aluno11-2017-06-03-10:05:39.png$[]
10:05:43-aluno11-2017-06-03-10:05:43.png$[]
10:05:45-aluno11-2017-06-03-10:05:46.png$[]
10:05:47-aluno11-2017-06-03-10:05:47.png$[]
10:05:49-aluno11-2017-06-03-10:05:49.png$[]
10:05:51-aluno11-2017-06-03-10:05:51.png$[]
10:05:53-aluno11-2017-06-03-10:05:53.png$[]
10:05:55-aluno11-2017-06-03-10:05:55.png$[]
10:05:59-aluno11-2017-06-03-10:05:59.png$[]
10:06:01-aluno11-2017-06-03-10:06:01.png$[]
10:06:03-aluno11-2017-06-03-10:06:03.png$[]
10:06:05-aluno11-2017-06-03-10:06:05.png$[]
10:06:09-aluno11-2017-06-03-10:06:09.png$[]
10:06:11-aluno11-2017-06-03-10:06:11.png$[]
10:06:15-aluno11-2017-06-03-10:06:15.png$[]
10:06:21-aluno11-2017-06-03-10:06:21.png$[]
10:06:25-aluno11-2017-06-03-10:06:26.png$[]
10:06:27-aluno11-2017-06-03-10:06:28.png$[]
10:06:29-aluno11-2017-06-03-10:06:29.png$[]
10:06:33-aluno11-2017-06-03-10:06:33.png$[]
10:06:37-aluno11-2017-06-03-10:06:37.png$[]
10:06:47-aluno11-2017-06-03-10:06:47.png$[]
10:06:57-aluno11-2017-06-03-10:06:57.png$[]
10:06:59-aluno11-2017-06-03-10:06:59.png$[]
10:07:03-aluno11-2017-06-03-10:07:03.png$[]
10:07:05-aluno11-2017-06-03-10:07:05.png$[]
10:07:07-aluno11-2017-06-03-10:07:07.png$[]
10:07:13-aluno11-2017-06-03-10:07:13.png$[]
10:07:15-aluno11-2017-06-03-10:07:15.png$[]
10:07:17-aluno11-2017-06-03-10:07:17.png$[]
10:07:21-aluno11-2017-06-03-10:07:21.png$[]
10:07:25-aluno11-2017-06-03-10:07:25.png$[]
10:07:31-aluno11-2017-06-03-10:07:31.png$[]
10:07:33-aluno11-2017-06-03-10:07:33.png$[]
10:07:37-aluno11-2017-06-03-10:07:37.png$[]
10:07:45-aluno11-2017-06-03-10:07:45.png$[]
10:07:47-aluno11-2017-06-03-10:07:47.png$[]
10:07:49-aluno11-2017-06-03-10:07:49.png$[]
10:07:51-aluno11-2017-06-03-10:07:51.png$[]
10:07:57-aluno11-2017-06-03-10:07:57.png$[]
10:08:01-aluno11-2017-06-03-10:08:01.png$[]
10:08:03-aluno11-2017-06-03-10:08:03.png$[]
10:08:05-aluno11-2017-06-03-10:08:05.png$[]
10:08:11-aluno11-2017-06-03-10:08:11.png$[]
10:08:13-aluno11-2017-06-03-10:08:13.png$[]
10:08:15-aluno11-2017-06-03-10:08:15.png$[]
10:08:17-aluno11-2017-06-03-10:08:18.png$[]
10:08:21-aluno11-2017-06-03-10:08:21.png$[]
10:08:23-aluno11-2017-06-03-10:08:23.png$[]
10:08:25-aluno11-2017-06-03-10:08:25.png$[]
10:08:27-aluno11-2017-06-03-10:08:27.png$[]
10:08:29-aluno11-2017-06-03-10:08:29.png$[]
10:08:31-aluno11-2017-06-03-10:08:31.png$[]
10:08:41-aluno11-2017-06-03-10:08:41.png$[]
10:08:43-aluno11-2017-06-03-10:08:43.png$[]
10:08:45-aluno11-2017-06-03-10:08:45.png$[]
10:08:47-aluno11-2017-06-03-10:08:47.png$[]
10:08:53-aluno11-2017-06-03-10:08:53.png$[]
10:08:59-aluno11-2017-06-03-10:08:59.png$[]
10:09:01-aluno11-2017-06-03-10:09:01.png$[]
10:09:05-aluno11-2017-06-03-10:09:05.png$[]
10:09:15-aluno11-2017-06-03-10:09:15.png$[]
10:09:21-aluno11-2017-06-03-10:09:21.png$[]
10:09:25-aluno11-2017-06-03-10:09:25.png$[]
10:09:29-aluno11-2017-06-03-10:09:29.png$[]
10:09:33-aluno11-2017-06-03-10:09:33.png$[]
10:09:37-aluno11-2017-06-03-10:09:37.png$[{"faceRectangle":{"height":55,"left":491,"top":202,"width":55},"scores":{"anger":6.24462846E-05,"contempt":0.000258969463,"disgust":1.04963883E-05,"fear":1.78637367E-06,"happiness":0.000266844232,"neutral":0.999115467,"sadness":8.58264E-05,"surprise":0.00019816983}}]
10:09:39-aluno11-2017-06-03-10:09:39.png$[{"faceRectangle":{"height":70,"left":573,"top":130,"width":66},"scores":{"anger":8.53536549E-05,"contempt":1.80839434E-05,"disgust":1.24791586E-06,"fear":4.54156861E-06,"happiness":2.65338331E-05,"neutral":0.9993464,"sadness":0.000267281866,"surprise":0.000250586658}}]
10:09:43-aluno11-2017-06-03-10:09:43.png$[]
10:09:49-aluno11-2017-06-03-10:09:50.png$[]
10:09:51-aluno11-2017-06-03-10:09:52.png$[]
10:09:53-aluno11-2017-06-03-10:09:53.png$[]
10:10:05-aluno11-2017-06-03-10:10:05.png$[]
10:10:17-aluno11-2017-06-03-10:10:17.png$[]
10:10:21-aluno11-2017-06-03-10:10:21.png$[]
10:10:23-aluno11-2017-06-03-10:10:23.png$[]
10:10:27-aluno11-2017-06-03-10:10:27.png$[]
10:10:31-aluno11-2017-06-03-10:10:31.png$[]
10:10:37-aluno11-2017-06-03-10:10:37.png$[]
10:10:41-aluno11-2017-06-03-10:10:41.png$[]
10:10:45-aluno11-2017-06-03-10:10:45.png$[]
10:10:47-aluno11-2017-06-03-10:10:47.png$[]
10:10:49-aluno11-2017-06-03-10:10:49.png$[]
10:10:51-aluno11-2017-06-03-10:10:51.png$[]
10:10:55-aluno11-2017-06-03-10:10:55.png$[]
10:10:59-aluno11-2017-06-03-10:10:59.png$[]
10:11:03-aluno11-2017-06-03-10:11:03.png$[]
10:11:05-aluno11-2017-06-03-10:11:05.png$[]
10:11:21-aluno11-2017-06-03-10:11:21.png$[{"faceRectangle":{"height":121,"left":273,"top":257,"width":121},"scores":{"anger":0.0002070836,"contempt":5.436768E-05,"disgust":4.88232581E-05,"fear":1.686315E-05,"happiness":0.000175776062,"neutral":0.9912405,"sadness":0.006757726,"surprise":0.00149883737}}]
10:11:23-aluno11-2017-06-03-10:11:23.png$[]
10:11:27-aluno11-2017-06-03-10:11:27.png$[{"faceRectangle":{"height":106,"left":266,"top":293,"width":106},"scores":{"anger":0.000338526326,"contempt":0.000376003183,"disgust":5.96860154E-05,"fear":0.00119446847,"happiness":4.890618E-05,"neutral":0.9770185,"sadness":0.0105999643,"surprise":0.01036394}},{"faceRectangle":{"height":90,"left":378,"top":155,"width":90},"scores":{"anger":0.0558520481,"contempt":0.007817965,"disgust":0.00170885248,"fear":9.672504E-05,"happiness":0.00167980045,"neutral":0.9270801,"sadness":0.00267920084,"surprise":0.00308530335}}]
10:11:33-aluno11-2017-06-03-10:11:34.png$[{"faceRectangle":{"height":95,"left":256,"top":267,"width":95},"scores":{"anger":0.00134350709,"contempt":0.00013069759,"disgust":0.000140474222,"fear":0.000263708876,"happiness":4.352444E-05,"neutral":0.983312,"sadness":0.009429834,"surprise":0.005336262}},{"faceRectangle":{"height":85,"left":384,"top":160,"width":85},"scores":{"anger":0.0281765684,"contempt":0.009344912,"disgust":0.00101652031,"fear":7.038555E-05,"happiness":0.004563433,"neutral":0.9539481,"sadness":0.00179859158,"surprise":0.001081488}}]
10:11:35-aluno11-2017-06-03-10:11:35.png$[{"faceRectangle":{"height":84,"left":386,"top":127,"width":84},"scores":{"anger":0.0145095307,"contempt":0.004867877,"disgust":0.00125139917,"fear":4.442891E-05,"happiness":0.00678209262,"neutral":0.9696397,"sadness":0.0006973633,"surprise":0.00220759679}}]
10:11:37-aluno11-2017-06-03-10:11:37.png$[{"faceRectangle":{"height":78,"left":401,"top":124,"width":78},"scores":{"anger":0.009113457,"contempt":0.00307689048,"disgust":0.0002329483,"fear":1.12001517E-05,"happiness":0.00193110341,"neutral":0.9846228,"sadness":0.0005671237,"surprise":0.000444471982}}]
10:11:39-aluno11-2017-06-03-10:11:39.png$[{"faceRectangle":{"height":108,"left":227,"top":274,"width":108},"scores":{"anger":0.0007129641,"contempt":0.000629294256,"disgust":0.000275640778,"fear":0.000330391864,"happiness":0.000112652924,"neutral":0.9581487,"sadness":0.005374732,"surprise":0.034415625}},{"faceRectangle":{"height":81,"left":403,"top":123,"width":81},"scores":{"anger":0.007205696,"contempt":0.00304377428,"disgust":0.000662811741,"fear":3.29133982E-05,"happiness":0.006193692,"neutral":0.977730453,"sadness":0.00361498864,"surprise":0.001515664}}]
10:11:43-aluno11-2017-06-03-10:11:44.png$[{"faceRectangle":{"height":78,"left":415,"top":115,"width":78},"scores":{"anger":0.008543234,"contempt":0.00567209441,"disgust":0.001352876,"fear":0.000235293541,"happiness":0.299198717,"neutral":0.6766668,"sadness":0.003103863,"surprise":0.00522715272}}]
10:11:45-aluno11-2017-06-03-10:11:45.png$[{"faceRectangle":{"height":91,"left":254,"top":292,"width":91},"scores":{"anger":0.0129319895,"contempt":0.000759682,"disgust":0.00175494631,"fear":0.000635601231,"happiness":0.009184718,"neutral":0.9003892,"sadness":0.006579251,"surprise":0.0677645952}}]
10:12:01-aluno11-2017-06-03-10:12:02.png$[]
10:12:11-aluno11-2017-06-03-10:12:11.png$[]
10:12:15-aluno11-2017-06-03-10:12:15.png$[]
10:12:21-aluno11-2017-06-03-10:12:21.png$[]
10:12:29-aluno11-2017-06-03-10:12:29.png$[]
10:12:35-aluno11-2017-06-03-10:12:35.png$[]
10:12:39-aluno11-2017-06-03-10:12:39.png$[]
10:12:45-aluno11-2017-06-03-10:12:45.png$[]
10:12:47-aluno11-2017-06-03-10:12:47.png$[]
10:12:49-aluno11-2017-06-03-10:12:49.png$[]
10:12:53-aluno11-2017-06-03-10:12:53.png$[]
10:12:55-aluno11-2017-06-03-10:12:55.png$[]
10:12:57-aluno11-2017-06-03-10:12:57.png$[]
10:12:59-aluno11-2017-06-03-10:12:59.png$[]
10:13:01-aluno11-2017-06-03-10:13:01.png$[]
10:13:07-aluno11-2017-06-03-10:13:07.png$[]
10:13:11-aluno11-2017-06-03-10:13:11.png$[]
10:13:13-aluno11-2017-06-03-10:13:13.png$[]
10:13:19-aluno11-2017-06-03-10:13:19.png$[]
10:13:21-aluno11-2017-06-03-10:13:21.png$[]
10:13:29-aluno11-2017-06-03-10:13:30.png$[]
10:13:31-aluno11-2017-06-03-10:13:31.png$[]
10:13:33-aluno11-2017-06-03-10:13:33.png$[]
10:13:35-aluno11-2017-06-03-10:13:35.png$[]
10:13:37-aluno11-2017-06-03-10:13:37.png$[]
10:13:47-aluno11-2017-06-03-10:13:47.png$[]
10:13:51-aluno11-2017-06-03-10:13:51.png$[]
10:13:53-aluno11-2017-06-03-10:13:53.png$[]
10:13:57-aluno11-2017-06-03-10:13:57.png$[]
10:13:59-aluno11-2017-06-03-10:13:59.png$[]
10:14:01-aluno11-2017-06-03-10:14:01.png$[]
10:14:03-aluno11-2017-06-03-10:14:03.png$[]
10:14:07-aluno11-2017-06-03-10:14:07.png$[]
10:14:09-aluno11-2017-06-03-10:14:10.png$[]
10:14:11-aluno11-2017-06-03-10:14:11.png$[]
10:14:13-aluno11-2017-06-03-10:14:14.png$[]
10:14:17-aluno11-2017-06-03-10:14:17.png$[]
10:14:21-aluno11-2017-06-03-10:14:21.png$[]
10:14:23-aluno11-2017-06-03-10:14:23.png$[]
10:14:25-aluno11-2017-06-03-10:14:25.png$[]
10:14:27-aluno11-2017-06-03-10:14:27.png$[]
10:14:37-aluno11-2017-06-03-10:14:37.png$[]
10:14:57-aluno11-2017-06-03-10:14:58.png$[]
10:14:59-aluno11-2017-06-03-10:14:59.png$[]
10:15:01-aluno11-2017-06-03-10:15:01.png$[]
10:15:05-aluno11-2017-06-03-10:15:05.png$[]
10:15:07-aluno11-2017-06-03-10:15:07.png$[]
10:15:09-aluno11-2017-06-03-10:15:09.png$[]
10:15:13-aluno11-2017-06-03-10:15:13.png$[]
10:15:15-aluno11-2017-06-03-10:15:15.png$[]
10:15:17-aluno11-2017-06-03-10:15:17.png$[]
10:15:21-aluno11-2017-06-03-10:15:22.png$[]
10:15:23-aluno11-2017-06-03-10:15:23.png$[]
10:15:25-aluno11-2017-06-03-10:15:25.png$[]
10:15:31-aluno11-2017-06-03-10:15:31.png$[]
10:15:33-aluno11-2017-06-03-10:15:33.png$[]
10:15:39-aluno11-2017-06-03-10:15:39.png$[]
10:15:41-aluno11-2017-06-03-10:15:41.png$[]
10:15:43-aluno11-2017-06-03-10:15:43.png$[{"faceRectangle":{"height":131,"left":322,"top":214,"width":131},"scores":{"anger":0.000434327638,"contempt":0.000632436131,"disgust":0.0002800574,"fear":6.72699462E-05,"happiness":0.000666105247,"neutral":0.9921387,"sadness":0.00421406841,"surprise":0.001567045}}]
10:15:51-aluno11-2017-06-03-10:15:51.png$[]
10:15:53-aluno11-2017-06-03-10:15:53.png$[]
10:15:59-aluno11-2017-06-03-10:15:59.png$[]
10:16:01-aluno11-2017-06-03-10:16:01.png$[]
10:16:03-aluno11-2017-06-03-10:16:03.png$[]
10:16:05-aluno11-2017-06-03-10:16:05.png$[]
10:16:07-aluno11-2017-06-03-10:16:07.png$[]
10:16:09-aluno11-2017-06-03-10:16:09.png$[]
10:16:13-aluno11-2017-06-03-10:16:13.png$[]
10:16:15-aluno11-2017-06-03-10:16:15.png$[]
10:16:19-aluno11-2017-06-03-10:16:19.png$[]
10:16:23-aluno11-2017-06-03-10:16:23.png$[]
10:16:25-aluno11-2017-06-03-10:16:26.png$[]
10:16:27-aluno11-2017-06-03-10:16:27.png$[]
10:16:29-aluno11-2017-06-03-10:16:29.png$[]
10:16:31-aluno11-2017-06-03-10:16:31.png$[]
10:16:33-aluno11-2017-06-03-10:16:33.png$[]
10:16:35-aluno11-2017-06-03-10:16:35.png$[]
10:16:37-aluno11-2017-06-03-10:16:37.png$[]
10:16:39-aluno11-2017-06-03-10:16:39.png$[]
10:16:41-aluno11-2017-06-03-10:16:41.png$[]
10:16:43-aluno11-2017-06-03-10:16:44.png$[]
10:16:47-aluno11-2017-06-03-10:16:47.png$[]
10:16:49-aluno11-2017-06-03-10:16:49.png$[]
10:16:53-aluno11-2017-06-03-10:16:53.png$[]
10:16:59-aluno11-2017-06-03-10:16:59.png$[]
10:17:03-aluno11-2017-06-03-10:17:03.png$[]
10:17:05-aluno11-2017-06-03-10:17:05.png$[]
10:17:09-aluno11-2017-06-03-10:17:09.png$[]
10:17:13-aluno11-2017-06-03-10:17:13.png$[]
10:17:15-aluno11-2017-06-03-10:17:15.png$[]
10:17:17-aluno11-2017-06-03-10:17:17.png$[]
10:17:23-aluno11-2017-06-03-10:17:23.png$[]
10:17:29-aluno11-2017-06-03-10:17:29.png$[]
10:17:31-aluno11-2017-06-03-10:17:31.png$[]
10:17:35-aluno11-2017-06-03-10:17:35.png$[]
10:17:39-aluno11-2017-06-03-10:17:39.png$[]
10:17:41-aluno11-2017-06-03-10:17:41.png$[]
10:17:45-aluno11-2017-06-03-10:17:45.png$[]
10:17:49-aluno11-2017-06-03-10:17:49.png$[]
10:17:53-aluno11-2017-06-03-10:17:54.png$[]
10:17:57-aluno11-2017-06-03-10:17:57.png$[]
10:18:05-aluno11-2017-06-03-10:18:05.png$[]
10:18:07-aluno11-2017-06-03-10:18:08.png$[]
10:18:09-aluno11-2017-06-03-10:18:09.png$[]
10:18:13-aluno11-2017-06-03-10:18:13.png$[]
10:18:31-aluno11-2017-06-03-10:18:32.png$[]
10:18:33-aluno11-2017-06-03-10:18:34.png$[]
10:18:37-aluno11-2017-06-03-10:18:37.png$[]
10:18:39-aluno11-2017-06-03-10:18:39.png$[]
10:18:43-aluno11-2017-06-03-10:18:43.png$[]
10:18:47-aluno11-2017-06-03-10:18:48.png$[]
10:18:57-aluno11-2017-06-03-10:18:57.png$[]
10:18:59-aluno11-2017-06-03-10:18:59.png$[]
10:19:03-aluno11-2017-06-03-10:19:03.png$[]
10:19:05-aluno11-2017-06-03-10:19:05.png$[]
10:19:17-aluno11-2017-06-03-10:19:17.png$[]
10:19:23-aluno11-2017-06-03-10:19:23.png$[]
10:19:27-aluno11-2017-06-03-10:19:27.png$[]
10:19:29-aluno11-2017-06-03-10:19:29.png$[]
10:19:47-aluno11-2017-06-03-10:19:47.png$[]
10:19:49-aluno11-2017-06-03-10:19:49.png$[]
10:19:51-aluno11-2017-06-03-10:19:51.png$[]
10:19:53-aluno11-2017-06-03-10:19:53.png$[]
10:19:57-aluno11-2017-06-03-10:19:57.png$[]
10:20:05-aluno11-2017-06-03-10:20:06.png$[]
10:20:07-aluno11-2017-06-03-10:20:07.png$[{"faceRectangle":{"height":44,"left":13,"top":394,"width":44},"scores":{"anger":0.00194597791,"contempt":9.094432E-05,"disgust":4.669623E-05,"fear":3.05392916E-07,"happiness":0.000193283762,"neutral":0.997508645,"sadness":5.751408E-05,"surprise":0.0001566039}}]
10:20:15-aluno11-2017-06-03-10:20:15.png$[]
10:20:17-aluno11-2017-06-03-10:20:17.png$[]
10:20:19-aluno11-2017-06-03-10:20:19.png$[]
10:20:21-aluno11-2017-06-03-10:20:21.png$[{"faceRectangle":{"height":136,"left":263,"top":280,"width":136},"scores":{"anger":4.20056749E-05,"contempt":0.0006023549,"disgust":8.153635E-05,"fear":9.231946E-06,"happiness":5.49517063E-05,"neutral":0.9822162,"sadness":0.0147524616,"surprise":0.00224128342}}]
10:20:23-aluno11-2017-06-03-10:20:23.png$[]
10:20:27-aluno11-2017-06-03-10:20:27.png$[]
10:20:29-aluno11-2017-06-03-10:20:29.png$[]
10:20:33-aluno11-2017-06-03-10:20:34.png$[]
10:20:35-aluno11-2017-06-03-10:20:35.png$[]
10:20:43-aluno11-2017-06-03-10:20:44.png$[]
10:20:47-aluno11-2017-06-03-10:20:49.png$[]
10:20:49-aluno11-2017-06-03-10:20:51.png$[]
10:20:51-aluno11-2017-06-03-10:20:54.png$[]
10:20:53-aluno11-2017-06-03-10:20:55.png$[]
10:20:57-aluno11-2017-06-03-10:20:57.png$[]
10:21:01-aluno11-2017-06-03-10:21:01.png$[]
10:21:03-aluno11-2017-06-03-10:21:03.png$[]
10:21:05-aluno11-2017-06-03-10:21:05.png$[]
10:21:07-aluno11-2017-06-03-10:21:07.png$[]
10:21:13-aluno11-2017-06-03-10:21:13.png$[]
10:21:15-aluno11-2017-06-03-10:21:15.png$[]
10:21:21-aluno11-2017-06-03-10:21:21.png$[]
10:21:33-aluno11-2017-06-03-10:21:34.png$[]
10:21:35-aluno11-2017-06-03-10:21:35.png$[]
10:21:37-aluno11-2017-06-03-10:21:37.png$[]
10:21:39-aluno11-2017-06-03-10:21:39.png$[]
10:21:41-aluno11-2017-06-03-10:21:41.png$[]
10:21:43-aluno11-2017-06-03-10:21:43.png$[]
10:21:45-aluno11-2017-06-03-10:21:45.png$[]
10:21:55-aluno11-2017-06-03-10:21:55.png$[]
10:22:01-aluno11-2017-06-03-10:22:02.png$[]
10:22:03-aluno11-2017-06-03-10:22:03.png$[]
10:22:05-aluno11-2017-06-03-10:22:06.png$[]
10:22:07-aluno11-2017-06-03-10:22:07.png$[]
10:22:09-aluno11-2017-06-03-10:22:10.png$[]
10:22:11-aluno11-2017-06-03-10:22:11.png$[]
10:22:13-aluno11-2017-06-03-10:22:13.png$[]
10:22:15-aluno11-2017-06-03-10:22:15.png$[]
10:22:25-aluno11-2017-06-03-10:22:25.png$[]
10:22:27-aluno11-2017-06-03-10:22:27.png$[]
10:22:29-aluno11-2017-06-03-10:22:29.png$[]
10:22:37-aluno11-2017-06-03-10:22:37.png$[]
10:22:43-aluno11-2017-06-03-10:22:43.png$[]
10:22:53-aluno11-2017-06-03-10:22:53.png$[]
10:22:57-aluno11-2017-06-03-10:22:57.png$[]
10:23:11-aluno11-2017-06-03-10:23:11.png$[]
10:23:15-aluno11-2017-06-03-10:23:15.png$[]
10:23:17-aluno11-2017-06-03-10:23:17.png$[]
10:23:27-aluno11-2017-06-03-10:23:27.png$[]
10:23:39-aluno11-2017-06-03-10:23:39.png$[]
10:23:45-aluno11-2017-06-03-10:23:45.png$[]
10:23:49-aluno11-2017-06-03-10:23:49.png$[]
10:23:53-aluno11-2017-06-03-10:23:54.png$[]
10:23:59-aluno11-2017-06-03-10:24:00.png$[]
10:24:01-aluno11-2017-06-03-10:24:01.png$[]
10:24:03-aluno11-2017-06-03-10:24:03.png$[]
10:24:07-aluno11-2017-06-03-10:24:07.png$[]
10:24:09-aluno11-2017-06-03-10:24:09.png$[]
10:24:11-aluno11-2017-06-03-10:24:11.png$[]
10:24:13-aluno11-2017-06-03-10:24:13.png$[]
10:24:15-aluno11-2017-06-03-10:24:15.png$[]
10:24:27-aluno11-2017-06-03-10:24:27.png$[]
10:24:33-aluno11-2017-06-03-10:24:33.png$[]
10:24:35-aluno11-2017-06-03-10:24:35.png$[]
10:24:37-aluno11-2017-06-03-10:24:37.png$[]
10:24:39-aluno11-2017-06-03-10:24:39.png$[]
10:24:41-aluno11-2017-06-03-10:24:42.png$[]
10:24:51-aluno11-2017-06-03-10:24:52.png$[]
10:24:53-aluno11-2017-06-03-10:24:53.png$[]
10:24:55-aluno11-2017-06-03-10:24:55.png$[]
10:24:59-aluno11-2017-06-03-10:24:59.png$[]
10:25:01-aluno11-2017-06-03-10:25:01.png$[]
10:25:03-aluno11-2017-06-03-10:25:03.png$[]
10:25:09-aluno11-2017-06-03-10:25:10.png$[]
10:25:13-aluno11-2017-06-03-10:25:13.png$[]
10:25:19-aluno11-2017-06-03-10:25:19.png$[]
10:25:23-aluno11-2017-06-03-10:25:23.png$[]
10:25:31-aluno11-2017-06-03-10:25:31.png$[]
10:25:33-aluno11-2017-06-03-10:25:33.png${"error":{"code":"FailedToDownloadImage","message":"Failed to download the image from the URL."}}
10:25:37-aluno11-2017-06-03-10:25:37.png$[]
10:25:39-aluno11-2017-06-03-10:25:39.png${"error":{"code":"FailedToDownloadImage","message":"Failed to download the image from the URL."}}
10:25:43-aluno11-2017-06-03-10:25:43.png${"error":{"code":"FailedToDownloadImage","message":"Failed to download the image from the URL."}}
10:25:47-aluno11-2017-06-03-10:25:47.png${"error":{"code":"FailedToDownloadImage","message":"Failed to download the image from the URL."}}
10:25:49-aluno11-2017-06-03-10:25:49.png${"error":{"code":"FailedToDownloadImage","message":"Failed to download the image from the URL."}}
10:25:55-aluno11-2017-06-03-10:25:56.png${"error":{"code":"FailedToDownloadImage","message":"Failed to download the image from the URL."}}
10:26:03-aluno11-2017-06-03-10:26:03.png$[]
10:26:07-aluno11-2017-06-03-10:26:07.png$[]
10:26:09-aluno11-2017-06-03-10:26:09.png$[]
10:26:11-aluno11-2017-06-03-10:26:11.png$[]
10:26:13-aluno11-2017-06-03-10:26:13.png$[]
10:26:17-aluno11-2017-06-03-10:26:17.png$[]
10:26:19-aluno11-2017-06-03-10:26:19.png${"error":{"code":"FailedToDownloadImage","message":"Failed to download the image from the URL."}}
10:26:31-aluno11-2017-06-03-10:26:31.png${"error":{"code":"FailedToDownloadImage","message":"Failed to download the image from the URL."}}
10:26:33-aluno11-2017-06-03-10:26:33.png$[]
10:26:35-aluno11-2017-06-03-10:26:35.png${"error":{"code":"FailedToDownloadImage","message":"Failed to download the image from the URL."}}
10:26:39-aluno11-2017-06-03-10:26:43.png${"error":{"code":"FailedToDownloadImage","message":"Failed to download the image from the URL."}}
10:26:41-aluno11-2017-06-03-10:26:44.png${"error":{"code":"FailedToDownloadImage","message":"Failed to download the image from the URL."}}
10:26:47-aluno11-2017-06-03-10:26:48.png$[]
10:26:49-aluno11-2017-06-03-10:26:50.png$[]
10:26:51-aluno11-2017-06-03-10:26:52.png$[]
10:26:59-aluno11-2017-06-03-10:26:59.png${"error":{"code":"FailedToDownloadImage","message":"Failed to download the image from the URL."}}
10:27:01-aluno11-2017-06-03-10:27:01.png${"error":{"code":"FailedToDownloadImage","message":"Failed to download the image from the URL."}}
10:27:03-aluno11-2017-06-03-10:27:04.png${"error":{"code":"FailedToDownloadImage","message":"Failed to download the image from the URL."}}
10:27:09-aluno11-2017-06-03-10:27:09.png$[]
10:27:15-aluno11-2017-06-03-10:27:15.png${"error":{"code":"FailedToDownloadImage","message":"Failed to download the image from the URL."}}
10:27:17-aluno11-2017-06-03-10:27:17.png${"error":{"code":"FailedToDownloadImage","message":"Failed to download the image from the URL."}}
10:27:19-aluno11-2017-06-03-10:27:19.png$[]
10:27:21-aluno11-2017-06-03-10:27:21.png$[]
10:27:23-aluno11-2017-06-03-10:27:24.png$[]
10:27:25-aluno11-2017-06-03-10:27:26.png${"error":{"code":"FailedToDownloadImage","message":"Failed to download the image from the URL."}}
10:27:33-aluno11-2017-06-03-10:27:33.png$[]
10:27:35-aluno11-2017-06-03-10:27:35.png$[]
10:27:39-aluno11-2017-06-03-10:27:39.png$[]
10:27:47-aluno11-2017-06-03-10:27:47.png${"error":{"code":"FailedToDownloadImage","message":"Failed to download the image from the URL."}}
10:27:57-aluno11-2017-06-03-10:27:57.png${"error":{"code":"FailedToDownloadImage","message":"Failed to download the image from the URL."}}
10:27:59-aluno11-2017-06-03-10:27:59.png${"error":{"code":"FailedToDownloadImage","message":"Failed to download the image from the URL."}}
10:28:01-aluno11-2017-06-03-10:28:01.png$[]
10:28:05-aluno11-2017-06-03-10:28:05.png$[]
10:28:15-aluno11-2017-06-03-10:28:15.png$[]
10:28:17-aluno11-2017-06-03-10:28:17.png$[]
10:28:23-aluno11-2017-06-03-10:28:23.png$[]
10:28:25-aluno11-2017-06-03-10:28:25.png$[]
10:28:29-aluno11-2017-06-03-10:28:29.png$[]
10:28:31-aluno11-2017-06-03-10:28:31.png$[]
10:28:45-aluno11-2017-06-03-10:28:45.png$[]
10:28:47-aluno11-2017-06-03-10:28:47.png$[]
10:28:49-aluno11-2017-06-03-10:28:49.png$[]
10:28:51-aluno11-2017-06-03-10:28:51.png$[]
10:28:53-aluno11-2017-06-03-10:28:53.png$[]
10:28:55-aluno11-2017-06-03-10:28:55.png$[]
10:28:59-aluno11-2017-06-03-10:28:59.png$[]
10:29:01-aluno11-2017-06-03-10:29:01.png$[]
10:29:07-aluno11-2017-06-03-10:29:07.png$[]
10:29:09-aluno11-2017-06-03-10:29:10.png$[]
10:29:15-aluno11-2017-06-03-10:29:15.png$[]
10:29:17-aluno11-2017-06-03-10:29:17.png$[]
10:29:25-aluno11-2017-06-03-10:29:25.png$[]
10:29:35-aluno11-2017-06-03-10:29:36.png$[]
10:29:37-aluno11-2017-06-03-10:29:37.png$[]
10:29:41-aluno11-2017-06-03-10:29:41.png$[]
10:29:47-aluno11-2017-06-03-10:29:47.png$[]
10:29:49-aluno11-2017-06-03-10:29:49.png$[]
10:29:53-aluno11-2017-06-03-10:29:53.png$[]
10:30:01-aluno11-2017-06-03-10:30:02.png$[]
10:30:03-aluno11-2017-06-03-10:30:03.png$[]
10:30:09-aluno11-2017-06-03-10:30:09.png$[]
10:30:13-aluno11-2017-06-03-10:30:13.png$[]
10:30:15-aluno11-2017-06-03-10:30:15.png$[]
10:30:21-aluno11-2017-06-03-10:30:21.png$[]
10:30:23-aluno11-2017-06-03-10:30:23.png$[]
10:30:29-aluno11-2017-06-03-10:30:29.png$[]
10:30:35-aluno11-2017-06-03-10:30:35.png$[]
10:30:41-aluno11-2017-06-03-10:30:42.png$[]
10:30:43-aluno11-2017-06-03-10:30:43.png$[]
10:30:45-aluno11-2017-06-03-10:30:45.png$[]
10:30:47-aluno11-2017-06-03-10:30:47.png$[]
10:30:51-aluno11-2017-06-03-10:30:51.png$[]
10:30:53-aluno11-2017-06-03-10:30:53.png$[]
10:30:55-aluno11-2017-06-03-10:30:55.png$[]
10:30:57-aluno11-2017-06-03-10:30:57.png$[]
10:30:59-aluno11-2017-06-03-10:30:59.png$[]
10:31:03-aluno11-2017-06-03-10:31:04.png$[]
10:31:05-aluno11-2017-06-03-10:31:05.png$[]
10:31:15-aluno11-2017-06-03-10:31:15.png$[{"faceRectangle":{"height":52,"left":84,"top":217,"width":52},"scores":{"anger":0.000644004263,"contempt":5.932005E-05,"disgust":9.361658E-06,"fear":1.153477E-06,"happiness":0.000203671,"neutral":0.998696,"sadness":7.25957943E-05,"surprise":0.000313875178}}]
10:31:19-aluno11-2017-06-03-10:31:19.png$[]
10:31:21-aluno11-2017-06-03-10:31:22.png$[]
10:31:23-aluno11-2017-06-03-10:31:23.png$[]
10:31:25-aluno11-2017-06-03-10:31:25.png$[]
10:31:27-aluno11-2017-06-03-10:31:27.png$[]
10:31:29-aluno11-2017-06-03-10:31:29.png$[]
10:31:31-aluno11-2017-06-03-10:31:31.png$[]
10:31:41-aluno11-2017-06-03-10:31:41.png$[]
10:31:45-aluno11-2017-06-03-10:31:45.png$[]
10:31:47-aluno11-2017-06-03-10:31:47.png$[]
10:31:51-aluno11-2017-06-03-10:31:51.png$[]
10:31:53-aluno11-2017-06-03-10:31:53.png$[]
10:31:57-aluno11-2017-06-03-10:31:57.png$[]
10:31:59-aluno11-2017-06-03-10:31:59.png$[]
10:32:01-aluno11-2017-06-03-10:32:02.png$[]
10:32:11-aluno11-2017-06-03-10:32:11.png$[]
10:32:15-aluno11-2017-06-03-10:32:15.png$[]
10:32:17-aluno11-2017-06-03-10:32:17.png$[]
10:32:19-aluno11-2017-06-03-10:32:19.png$[]
10:32:21-aluno11-2017-06-03-10:32:21.png$[]
10:32:31-aluno11-2017-06-03-10:32:31.png$[]
10:32:35-aluno11-2017-06-03-10:32:36.png$[]
10:32:37-aluno11-2017-06-03-10:32:38.png$[]
10:32:43-aluno11-2017-06-03-10:32:43.png$[]
10:32:47-aluno11-2017-06-03-10:32:47.png$[]
10:32:49-aluno11-2017-06-03-10:32:49.png$[]
10:32:55-aluno11-2017-06-03-10:32:55.png$[]
10:32:57-aluno11-2017-06-03-10:32:58.png$[]
10:33:01-aluno11-2017-06-03-10:33:01.png$[]
10:33:03-aluno11-2017-06-03-10:33:03.png$[]
10:33:05-aluno11-2017-06-03-10:33:05.png$[]
10:33:07-aluno11-2017-06-03-10:33:07.png$[]
10:33:09-aluno11-2017-06-03-10:33:09.png$[]
10:33:11-aluno11-2017-06-03-10:33:11.png$[]
10:33:13-aluno11-2017-06-03-10:33:14.png$[]
10:33:15-aluno11-2017-06-03-10:33:15.png$[]
10:33:27-aluno11-2017-06-03-10:33:30.png$[]
10:33:35-aluno11-2017-06-03-10:33:38.png$[]
10:33:39-aluno11-2017-06-03-10:33:40.png$[]
10:33:43-aluno11-2017-06-03-10:33:44.png$[]
10:33:45-aluno11-2017-06-03-10:33:45.png$[]
10:33:47-aluno11-2017-06-03-10:33:47.png$[]
10:33:49-aluno11-2017-06-03-10:33:49.png$[]
10:33:51-aluno11-2017-06-03-10:33:51.png$[]
10:33:59-aluno11-2017-06-03-10:34:00.png$[]
10:34:01-aluno11-2017-06-03-10:34:01.png$[]
10:34:03-aluno11-2017-06-03-10:34:03.png$[]
10:34:23-aluno11-2017-06-03-10:34:23.png$[{"faceRectangle":{"height":147,"left":334,"top":267,"width":147},"scores":{"anger":0.00125830551,"contempt":0.0002570239,"disgust":7.064457E-05,"fear":7.938861E-05,"happiness":1.86824946E-05,"neutral":0.9856667,"sadness":0.00463457126,"surprise":0.008014697}}]
10:34:25-aluno11-2017-06-03-10:34:25.png$[]
10:34:27-aluno11-2017-06-03-10:34:27.png$[]
10:34:29-aluno11-2017-06-03-10:34:29.png$[]
10:34:31-aluno11-2017-06-03-10:34:31.png$[]
10:34:35-aluno11-2017-06-03-10:34:35.png$[]
10:34:37-aluno11-2017-06-03-10:34:37.png$[]
10:34:39-aluno11-2017-06-03-10:34:39.png$[]
10:34:45-aluno11-2017-06-03-10:34:45.png$[]
10:34:49-aluno11-2017-06-03-10:34:50.png$[]
10:34:53-aluno11-2017-06-03-10:34:53.png$[]
10:34:55-aluno11-2017-06-03-10:34:55.png$[]
10:34:57-aluno11-2017-06-03-10:34:57.png$[]
10:35:01-aluno11-2017-06-03-10:35:01.png$[]
10:35:05-aluno11-2017-06-03-10:35:05.png$[]
10:35:09-aluno11-2017-06-03-10:35:09.png$[]
10:35:11-aluno11-2017-06-03-10:35:11.png$[]
10:35:13-aluno11-2017-06-03-10:35:13.png$[]
10:35:15-aluno11-2017-06-03-10:35:15.png$[]
10:35:21-aluno11-2017-06-03-10:35:22.png$[]
10:35:23-aluno11-2017-06-03-10:35:23.png$[]
10:35:25-aluno11-2017-06-03-10:35:25.png$[]
10:35:29-aluno11-2017-06-03-10:35:29.png$[]
10:35:31-aluno11-2017-06-03-10:35:31.png$[]
10:35:33-aluno11-2017-06-03-10:35:33.png$[]
10:35:37-aluno11-2017-06-03-10:35:37.png$[]
10:35:39-aluno11-2017-06-03-10:35:39.png$[]
10:35:41-aluno11-2017-06-03-10:35:41.png$[]
10:35:45-aluno11-2017-06-03-10:35:46.png$[]
10:35:53-aluno11-2017-06-03-10:35:53.png$[]
10:35:55-aluno11-2017-06-03-10:35:55.png$[]
10:35:57-aluno11-2017-06-03-10:35:57.png$[]
10:36:01-aluno11-2017-06-03-10:36:01.png$[]
10:36:07-aluno11-2017-06-03-10:36:07.png$[]
10:36:11-aluno11-2017-06-03-10:36:12.png$[]
10:36:13-aluno11-2017-06-03-10:36:13.png$[]
10:36:17-aluno11-2017-06-03-10:36:17.png$[]
10:36:19-aluno11-2017-06-03-10:36:19.png$[]
10:36:21-aluno11-2017-06-03-10:36:21.png$[]
10:36:23-aluno11-2017-06-03-10:36:23.png$[{"faceRectangle":{"height":116,"left":372,"top":265,"width":116},"scores":{"anger":0.00130039046,"contempt":6.33084E-05,"disgust":3.88394838E-05,"fear":1.57084037E-06,"happiness":0.0003764662,"neutral":0.9976114,"sadness":0.000479757553,"surprise":0.000128291547}}]
10:36:25-aluno11-2017-06-03-10:36:26.png$[{"faceRectangle":{"height":127,"left":377,"top":276,"width":127},"scores":{"anger":0.009271203,"contempt":0.00266651832,"disgust":0.0003256732,"fear":0.0001307216,"happiness":0.000356221,"neutral":0.967357039,"sadness":0.0193673447,"surprise":0.0005252549}}]
10:36:27-aluno11-2017-06-03-10:36:28.png$[{"faceRectangle":{"height":123,"left":381,"top":277,"width":123},"scores":{"anger":0.007910437,"contempt":0.000602750864,"disgust":9.098632E-05,"fear":3.71236929E-05,"happiness":0.000102474631,"neutral":0.982782245,"sadness":0.008314357,"surprise":0.000159632677}}]
10:36:29-aluno11-2017-06-03-10:36:29.png$[{"faceRectangle":{"height":132,"left":377,"top":276,"width":132},"scores":{"anger":0.00706068147,"contempt":0.000545609,"disgust":0.000262519083,"fear":7.603674E-05,"happiness":0.0005909316,"neutral":0.984593153,"sadness":0.00632407377,"surprise":0.0005470115}}]
10:36:45-aluno11-2017-06-03-10:36:45.png$[]
10:36:49-aluno11-2017-06-03-10:36:49.png$[]
10:36:53-aluno11-2017-06-03-10:36:53.png$[]
10:36:59-aluno11-2017-06-03-10:36:59.png$[]
10:37:01-aluno11-2017-06-03-10:37:01.png$[]
10:37:03-aluno11-2017-06-03-10:37:03.png$[]
10:37:07-aluno11-2017-06-03-10:37:07.png$[]
10:37:09-aluno11-2017-06-03-10:37:09.png$[]
10:37:19-aluno11-2017-06-03-10:37:19.png$[]
10:37:23-aluno11-2017-06-03-10:37:23.png$[]
10:37:25-aluno11-2017-06-03-10:37:25.png$[]
10:37:27-aluno11-2017-06-03-10:37:27.png$[]
10:37:31-aluno11-2017-06-03-10:37:31.png$[]
10:37:35-aluno11-2017-06-03-10:37:35.png$[]
10:37:37-aluno11-2017-06-03-10:37:38.png$[]
10:37:41-aluno11-2017-06-03-10:37:41.png$[]
10:37:45-aluno11-2017-06-03-10:37:45.png$[]
10:37:51-aluno11-2017-06-03-10:37:51.png$[]
10:37:53-aluno11-2017-06-03-10:37:53.png$[]
10:37:55-aluno11-2017-06-03-10:37:56.png$[]
10:37:57-aluno11-2017-06-03-10:37:58.png$[]
10:37:59-aluno11-2017-06-03-10:37:59.png$[{"faceRectangle":{"height":127,"left":326,"top":277,"width":127},"scores":{"anger":0.004791263,"contempt":0.0004342982,"disgust":0.0005986375,"fear":1.13469441E-05,"happiness":0.000118203141,"neutral":0.978760839,"sadness":0.0144616989,"surprise":0.0008236912}}]
10:38:01-aluno11-2017-06-03-10:38:01.png$[]
10:38:03-aluno11-2017-06-03-10:38:03.png$[]
10:38:07-aluno11-2017-06-03-10:38:07.png$[]
10:38:15-aluno11-2017-06-03-10:38:16.png$[]
10:38:17-aluno11-2017-06-03-10:38:17.png$[]
10:38:19-aluno11-2017-06-03-10:38:20.png$[]
10:38:21-aluno11-2017-06-03-10:38:22.png$[]
10:38:23-aluno11-2017-06-03-10:38:23.png$[]
10:38:25-aluno11-2017-06-03-10:38:25.png$[]
10:38:27-aluno11-2017-06-03-10:38:27.png$[]
10:38:29-aluno11-2017-06-03-10:38:29.png$[]
10:38:31-aluno11-2017-06-03-10:38:31.png$[]
10:38:39-aluno11-2017-06-03-10:38:39.png$[]
10:38:43-aluno11-2017-06-03-10:38:43.png$[]
10:38:45-aluno11-2017-06-03-10:38:46.png$[]
10:38:55-aluno11-2017-06-03-10:38:57.png$[]
10:39:01-aluno11-2017-06-03-10:39:02.png$[]
10:39:07-aluno11-2017-06-03-10:39:07.png$[]
10:39:15-aluno11-2017-06-03-10:39:16.png$[]
10:39:17-aluno11-2017-06-03-10:39:17.png$[{"faceRectangle":{"height":143,"left":318,"top":290,"width":143},"scores":{"anger":0.00214552716,"contempt":0.000362984254,"disgust":0.0001285698,"fear":0.000190673134,"happiness":0.0009184566,"neutral":0.969609559,"sadness":0.008787161,"surprise":0.0178570617}}]
10:39:19-aluno11-2017-06-03-10:39:19.png$[]
10:39:25-aluno11-2017-06-03-10:39:26.png$[]
10:39:27-aluno11-2017-06-03-10:39:28.png$[]
10:39:29-aluno11-2017-06-03-10:39:31.png$[]
10:39:33-aluno11-2017-06-03-10:39:34.png$[]
10:39:35-aluno11-2017-06-03-10:39:36.png$[]
10:39:37-aluno11-2017-06-03-10:39:37.png$[]
10:39:39-aluno11-2017-06-03-10:39:39.png$[]
10:39:43-aluno11-2017-06-03-10:39:43.png$[]
10:39:49-aluno11-2017-06-03-10:39:49.png$[]
10:39:51-aluno11-2017-06-03-10:39:51.png$[]
10:39:53-aluno11-2017-06-03-10:39:53.png$[]
10:39:55-aluno11-2017-06-03-10:39:55.png$[]
10:39:57-aluno11-2017-06-03-10:39:58.png$[]
10:40:07-aluno11-2017-06-03-10:40:07.png$[]
10:40:09-aluno11-2017-06-03-10:40:09.png$[]
10:40:11-aluno11-2017-06-03-10:40:11.png$[]
10:40:13-aluno11-2017-06-03-10:40:13.png$[]
10:40:19-aluno11-2017-06-03-10:40:20.png$[]
10:40:21-aluno11-2017-06-03-10:40:21.png$[]
10:40:23-aluno11-2017-06-03-10:40:23.png$[]
10:40:33-aluno11-2017-06-03-10:40:33.png$[]
10:40:35-aluno11-2017-06-03-10:40:35.png$[]
10:40:41-aluno11-2017-06-03-10:40:41.png$[]
10:40:47-aluno11-2017-06-03-10:40:48.png$[]
10:40:57-aluno11-2017-06-03-10:40:58.png$[]
10:41:07-aluno11-2017-06-03-10:41:07.png$[]
10:41:21-aluno11-2017-06-03-10:41:21.png$[]
10:41:23-aluno11-2017-06-03-10:41:23.png$[]
10:41:29-aluno11-2017-06-03-10:41:29.png$[]
10:41:39-aluno11-2017-06-03-10:41:39.png$[]
10:41:43-aluno11-2017-06-03-10:41:43.png$[]
10:41:45-aluno11-2017-06-03-10:41:45.png$[]
10:41:51-aluno11-2017-06-03-10:41:51.png$[]
10:41:53-aluno11-2017-06-03-10:41:53.png$[]
10:41:57-aluno11-2017-06-03-10:41:57.png$[]
10:41:59-aluno11-2017-06-03-10:41:59.png$[]
10:42:01-aluno11-2017-06-03-10:42:01.png$[]
10:42:03-aluno11-2017-06-03-10:42:03.png$[]
10:42:13-aluno11-2017-06-03-10:42:13.png$[]
10:42:21-aluno11-2017-06-03-10:42:21.png$[]
10:42:29-aluno11-2017-06-03-10:42:31.png$[]
10:42:35-aluno11-2017-06-03-10:42:36.png$[]
10:42:37-aluno11-2017-06-03-10:42:37.png$[]
10:42:43-aluno11-2017-06-03-10:42:43.png$[]
10:42:49-aluno11-2017-06-03-10:42:49.png$[]
10:42:53-aluno11-2017-06-03-10:42:53.png$[{"faceRectangle":{"height":138,"left":317,"top":275,"width":138},"scores":{"anger":0.00280660554,"contempt":0.00180579443,"disgust":0.000201071933,"fear":0.0006047996,"happiness":0.00332472986,"neutral":0.984774053,"sadness":0.00257053436,"surprise":0.00391240371}}]
10:42:57-aluno11-2017-06-03-10:42:57.png$[]
10:42:59-aluno11-2017-06-03-10:42:59.png$[]
10:43:05-aluno11-2017-06-03-10:43:05.png$[]
10:43:09-aluno11-2017-06-03-10:43:09.png$[]
10:43:13-aluno11-2017-06-03-10:43:13.png$[]
10:43:19-aluno11-2017-06-03-10:43:19.png$[]
10:43:23-aluno11-2017-06-03-10:43:23.png$[]
10:43:25-aluno11-2017-06-03-10:43:25.png$[]
10:43:27-aluno11-2017-06-03-10:43:27.png$[]
10:43:29-aluno11-2017-06-03-10:43:29.png$[]
10:43:39-aluno11-2017-06-03-10:43:39.png$[]
10:43:43-aluno11-2017-06-03-10:43:43.png$[]
10:43:45-aluno11-2017-06-03-10:43:45.png$[]
10:43:47-aluno11-2017-06-03-10:43:48.png$[]
10:43:51-aluno11-2017-06-03-10:43:51.png$[]
10:43:53-aluno11-2017-06-03-10:43:53.png$[]
10:43:55-aluno11-2017-06-03-10:43:55.png$[]
10:43:59-aluno11-2017-06-03-10:43:59.png$[]
10:44:05-aluno11-2017-06-03-10:44:05.png$[]
10:44:07-aluno11-2017-06-03-10:44:07.png$[]
10:44:13-aluno11-2017-06-03-10:44:13.png$[]
10:44:21-aluno11-2017-06-03-10:44:22.png$[]
10:44:27-aluno11-2017-06-03-10:44:27.png$[]
10:44:35-aluno11-2017-06-03-10:44:36.png$[]
10:44:37-aluno11-2017-06-03-10:44:37.png$[]
10:44:39-aluno11-2017-06-03-10:44:40.png$[]
10:44:41-aluno11-2017-06-03-10:44:41.png$[]
10:44:45-aluno11-2017-06-03-10:44:45.png$[]
10:44:49-aluno11-2017-06-03-10:44:50.png$[]
10:44:57-aluno11-2017-06-03-10:44:57.png$[]
10:44:59-aluno11-2017-06-03-10:44:59.png$[]
10:45:01-aluno11-2017-06-03-10:45:02.png$[]
10:45:05-aluno11-2017-06-03-10:45:05.png$[]
10:45:11-aluno11-2017-06-03-10:45:11.png$[]
10:45:13-aluno11-2017-06-03-10:45:13.png$[]
10:45:21-aluno11-2017-06-03-10:45:22.png$[]
10:45:35-aluno11-2017-06-03-10:45:35.png$[]
10:45:41-aluno11-2017-06-03-10:45:41.png$[]
10:45:43-aluno11-2017-06-03-10:45:43.png$[]
10:45:49-aluno11-2017-06-03-10:45:49.png$[]
10:45:51-aluno11-2017-06-03-10:45:51.png$[]
10:45:55-aluno11-2017-06-03-10:45:56.png$[]
10:45:57-aluno11-2017-06-03-10:45:57.png$[]
10:46:01-aluno11-2017-06-03-10:46:01.png$[]
10:46:03-aluno11-2017-06-03-10:46:03.png$[]
10:46:05-aluno11-2017-06-03-10:46:05.png$[]
10:46:09-aluno11-2017-06-03-10:46:10.png$[]
10:46:15-aluno11-2017-06-03-10:46:15.png$[]
10:46:17-aluno11-2017-06-03-10:46:17.png$[]
10:46:19-aluno11-2017-06-03-10:46:20.png$[]
10:46:31-aluno11-2017-06-03-10:46:32.png$[]
10:46:35-aluno11-2017-06-03-10:46:35.png$[]
10:46:41-aluno11-2017-06-03-10:46:41.png$[]
10:46:47-aluno11-2017-06-03-10:46:47.png$[]
10:46:49-aluno11-2017-06-03-10:46:50.png$[]
10:46:51-aluno11-2017-06-03-10:46:51.png$[]
10:46:53-aluno11-2017-06-03-10:46:54.png$[]
10:46:57-aluno11-2017-06-03-10:46:57.png$[]
10:47:01-aluno11-2017-06-03-10:47:01.png$[]
10:47:03-aluno11-2017-06-03-10:47:04.png$[]
10:47:09-aluno11-2017-06-03-10:47:09.png$[]
10:47:15-aluno11-2017-06-03-10:47:15.png$[{"faceRectangle":{"height":110,"left":328,"top":207,"width":110},"scores":{"anger":0.000598574639,"contempt":0.0001909208,"disgust":0.000265411276,"fear":1.46557468E-05,"happiness":0.00246088929,"neutral":0.98894,"sadness":0.00341822277,"surprise":0.00411131373}}]
10:47:19-aluno11-2017-06-03-10:47:19.png$[]
10:47:23-aluno11-2017-06-03-10:47:23.png$[{"faceRectangle":{"height":131,"left":284,"top":158,"width":131},"scores":{"anger":0.0004406983,"contempt":0.06540917,"disgust":9.0298E-05,"fear":3.30907073E-06,"happiness":0.00569050154,"neutral":0.9261815,"sadness":0.0021307657,"surprise":5.375459E-05}}]
10:47:25-aluno11-2017-06-03-10:47:25.png$[]
10:47:29-aluno11-2017-06-03-10:47:29.png$[]
10:47:43-aluno11-2017-06-03-10:47:43.png$[]
10:47:45-aluno11-2017-06-03-10:47:45.png$[]
10:47:59-aluno11-2017-06-03-10:47:59.png$[]
10:48:05-aluno11-2017-06-03-10:48:05.png$[]
10:48:07-aluno11-2017-06-03-10:48:07.png$[]
10:48:11-aluno11-2017-06-03-10:48:11.png$[]
10:48:13-aluno11-2017-06-03-10:48:13.png$[]
10:48:21-aluno11-2017-06-03-10:48:22.png$[]
10:48:33-aluno11-2017-06-03-10:48:33.png$[]
10:48:41-aluno11-2017-06-03-10:48:41.png$[]
10:48:43-aluno11-2017-06-03-10:48:43.png$[]
10:48:45-aluno11-2017-06-03-10:48:45.png$[]
10:48:49-aluno11-2017-06-03-10:48:49.png$[]
10:48:51-aluno11-2017-06-03-10:48:51.png$[]
10:48:55-aluno11-2017-06-03-10:48:55.png$[]
10:49:01-aluno11-2017-06-03-10:49:01.png$[]
10:49:03-aluno11-2017-06-03-10:49:03.png$[]
10:49:07-aluno11-2017-06-03-10:49:07.png$[]
10:49:15-aluno11-2017-06-03-10:49:15.png$[]
10:49:21-aluno11-2017-06-03-10:49:21.png$[]
10:49:25-aluno11-2017-06-03-10:49:25.png$[]
10:49:29-aluno11-2017-06-03-10:49:29.png$[]
10:49:33-aluno11-2017-06-03-10:49:33.png$[]
10:49:35-aluno11-2017-06-03-10:49:35.png$[]
10:49:37-aluno11-2017-06-03-10:49:37.png$[]
10:49:43-aluno11-2017-06-03-10:49:43.png$[]
10:49:45-aluno11-2017-06-03-10:49:45.png$[]
10:49:49-aluno11-2017-06-03-10:49:49.png$[]
10:49:51-aluno11-2017-06-03-10:49:52.png$[]
10:49:55-aluno11-2017-06-03-10:49:55.png$[]
10:49:57-aluno11-2017-06-03-10:49:57.png$[]
10:50:11-aluno11-2017-06-03-10:50:11.png$[]
10:50:15-aluno11-2017-06-03-10:50:15.png$[]
10:50:19-aluno11-2017-06-03-10:50:20.png$[]
10:50:25-aluno11-2017-06-03-10:50:25.png$[]
10:50:27-aluno11-2017-06-03-10:50:27.png$[]
10:50:31-aluno11-2017-06-03-10:50:31.png$[]
10:50:33-aluno11-2017-06-03-10:50:33.png$[]
10:50:35-aluno11-2017-06-03-10:50:35.png$[]
10:50:39-aluno11-2017-06-03-10:50:39.png$[]
10:50:41-aluno11-2017-06-03-10:50:41.png$[]
10:50:43-aluno11-2017-06-03-10:50:43.png$[]
10:50:47-aluno11-2017-06-03-10:50:47.png$[]
310:5010:50:49-aluno11-2017-06-03-10:50:49.png${"error":{"code":"FailedToDownloadImage","message":"Failed to download the image from the URL."}}
10:50:53-aluno11-2017-06-03-10:50:53.png$[]
10:50:57-aluno11-2017-06-03-10:50:58.png$[]
10:51:03-aluno11-2017-06-03-10:51:04.png$[]
10:51:09-aluno11-2017-06-03-10:51:09.png$[]
10:51:11-aluno11-2017-06-03-10:51:11.png$[]
10:51:15-aluno11-2017-06-03-10:51:15.png$[]
10:51:25-aluno11-2017-06-03-10:51:25.png$[]
10:51:27-aluno11-2017-06-03-10:51:27.png$[]
10:51:29-aluno11-2017-06-03-10:51:29.png$[]
10:51:31-aluno11-2017-06-03-10:51:31.png$[]
10:51:33-aluno11-2017-06-03-10:51:33.png$[]
10:51:37-aluno11-2017-06-03-10:51:37.png$[]
10:51:41-aluno11-2017-06-03-10:51:42.png$[]
10:51:45-aluno11-2017-06-03-10:51:45.png$[]
10:51:49-aluno11-2017-06-03-10:51:49.png$[]
10:51:51-aluno11-2017-06-03-10:51:52.png$[]
10:51:53-aluno11-2017-06-03-10:51:53.png$[]
10:51:55-aluno11-2017-06-03-10:51:55.png$[]
10:51:57-aluno11-2017-06-03-10:51:58.png$[]
10:51:59-aluno11-2017-06-03-10:51:59.png$[]
10:52:13-aluno11-2017-06-03-10:52:13.png$[]
10:52:15-aluno11-2017-06-03-10:52:15.png$[]
10:52:17-aluno11-2017-06-03-10:52:17.png$[]
10:52:19-aluno11-2017-06-03-10:52:19.png$[]
10:52:21-aluno11-2017-06-03-10:52:21.png$[]
10:52:23-aluno11-2017-06-03-10:52:23.png$[]
10:52:25-aluno11-2017-06-03-10:52:26.png$[]
10:52:27-aluno11-2017-06-03-10:52:27.png$[]
10:52:29-aluno11-2017-06-03-10:52:29.png$[]
10:52:31-aluno11-2017-06-03-10:52:31.png$[]
10:52:33-aluno11-2017-06-03-10:52:33.png$[]
10:52:35-aluno11-2017-06-03-10:52:35.png$[]
10:52:37-aluno11-2017-06-03-10:52:37.png$[]
10:52:43-aluno11-2017-06-03-10:52:43.png$[]
10:52:47-aluno11-2017-06-03-10:52:48.png$[]
10:52:49-aluno11-2017-06-03-10:52:50.png$[]
10:52:53-aluno11-2017-06-03-10:52:53.png$[]
10:52:57-aluno11-2017-06-03-10:52:57.png$[{"faceRectangle":{"height":127,"left":265,"top":247,"width":127},"scores":{"anger":0.00203828886,"contempt":0.00018554469,"disgust":0.000606241636,"fear":6.329418E-05,"happiness":3.60710219E-05,"neutral":0.9864896,"sadness":0.0073584253,"surprise":0.00322251581}}]
10:52:59-aluno11-2017-06-03-10:52:59.png$[]
10:53:01-aluno11-2017-06-03-10:53:01.png$[]
10:53:05-aluno11-2017-06-03-10:53:05.png$[]
10:53:07-aluno11-2017-06-03-10:53:07.png$[]
10:53:09-aluno11-2017-06-03-10:53:09.png$[]
10:53:13-aluno11-2017-06-03-10:53:13.png$[]
10:53:15-aluno11-2017-06-03-10:53:15.png$[]
10:53:19-aluno11-2017-06-03-10:53:19.png$[]
10:53:21-aluno11-2017-06-03-10:53:21.png$[]
10:53:23-aluno11-2017-06-03-10:53:24.png$[]
10:53:35-aluno11-2017-06-03-10:53:35.png$[]
10:53:39-aluno11-2017-06-03-10:53:39.png$[]
10:53:41-aluno11-2017-06-03-10:53:41.png$[]
10:53:43-aluno11-2017-06-03-10:53:43.png$[]
10:53:49-aluno11-2017-06-03-10:53:49.png$[]
10:53:59-aluno11-2017-06-03-10:53:59.png$[]
10:54:03-aluno11-2017-06-03-10:54:03.png$[]
10:54:15-aluno11-2017-06-03-10:54:15.png$[]
10:54:17-aluno11-2017-06-03-10:54:18.png$[]
10:54:21-aluno11-2017-06-03-10:54:21.png$[]
10:54:23-aluno11-2017-06-03-10:54:23.png$[]
10:54:27-aluno11-2017-06-03-10:54:27.png$[]
10:54:29-aluno11-2017-06-03-10:54:29.png$[]
10:54:31-aluno11-2017-06-03-10:54:31.png$[]
10:54:35-aluno11-2017-06-03-10:54:35.png$[]
10:54:37-aluno11-2017-06-03-10:54:37.png$[]
10:54:39-aluno11-2017-06-03-10:54:39.png$[]
10:54:45-aluno11-2017-06-03-10:54:45.png$[]
10:54:47-aluno11-2017-06-03-10:54:47.png$[]
10:54:53-aluno11-2017-06-03-10:54:53.png$[]
10:54:57-aluno11-2017-06-03-10:54:57.png$[]
10:55:01-aluno11-2017-06-03-10:55:01.png$[]
10:55:03-aluno11-2017-06-03-10:55:04.png$[]
10:55:07-aluno11-2017-06-03-10:55:07.png$[]
10:55:09-aluno11-2017-06-03-10:55:09.png$[]
10:55:11-aluno11-2017-06-03-10:55:12.png$[]
10:55:13-aluno11-2017-06-03-10:55:13.png$[]
10:55:21-aluno11-2017-06-03-10:55:21.png$[]
10:55:23-aluno11-2017-06-03-10:55:23.png$[]
10:55:35-aluno11-2017-06-03-10:55:35.png$[]
10:55:37-aluno11-2017-06-03-10:55:37.png$[]
10:55:45-aluno11-2017-06-03-10:55:45.png$[]
10:55:47-aluno11-2017-06-03-10:55:47.png$[]
10:55:55-aluno11-2017-06-03-10:55:55.png$[]
10:55:59-aluno11-2017-06-03-10:55:59.png$[]
10:56:07-aluno11-2017-06-03-10:56:07.png$[]
10:56:11-aluno11-2017-06-03-10:56:11.png$[]
10:56:13-aluno11-2017-06-03-10:56:13.png$[]
10:56:19-aluno11-2017-06-03-10:56:19.png$[]
10:56:21-aluno11-2017-06-03-10:56:21.png$[]
10:56:33-aluno11-2017-06-03-10:56:34.png$[]
10:56:39-aluno11-2017-06-03-10:56:39.png$[]
10:56:41-aluno11-2017-06-03-10:56:41.png$[]
10:56:45-aluno11-2017-06-03-10:56:46.png$[]
10:56:49-aluno11-2017-06-03-10:56:49.png$[]
10:56:51-aluno11-2017-06-03-10:56:51.png$[]
10:56:53-aluno11-2017-06-03-10:56:53.png$[]
10:56:57-aluno11-2017-06-03-10:56:57.png$[]
10:56:59-aluno11-2017-06-03-10:56:59.png$[]
10:57:03-aluno11-2017-06-03-10:57:03.png$[]
10:57:05-aluno11-2017-06-03-10:57:05.png$[]
10:57:15-aluno11-2017-06-03-10:57:15.png$[]
10:57:17-aluno11-2017-06-03-10:57:17.png$[]
10:57:19-aluno11-2017-06-03-10:57:19.png$[]
10:57:23-aluno11-2017-06-03-10:57:24.png$[]
10:57:27-aluno11-2017-06-03-10:57:27.png$[{"faceRectangle":{"height":128,"left":256,"top":259,"width":128},"scores":{"anger":5.38029963E-05,"contempt":2.05732E-05,"disgust":6.796366E-06,"fear":2.0971946E-07,"happiness":7.386767E-05,"neutral":0.9939148,"sadness":0.00590562774,"surprise":2.43180275E-05}}]
10:57:29-aluno11-2017-06-03-10:57:29.png$[{"faceRectangle":{"height":133,"left":257,"top":255,"width":133},"scores":{"anger":0.00037601855,"contempt":0.000223424475,"disgust":1.11527761E-05,"fear":1.54415375E-05,"happiness":0.000251258,"neutral":0.995725036,"sadness":0.00186370488,"surprise":0.00153393985}}]
10:57:31-aluno11-2017-06-03-10:57:31.png$[{"faceRectangle":{"height":135,"left":261,"top":256,"width":135},"scores":{"anger":0.00329243951,"contempt":0.000155413451,"disgust":0.00016807887,"fear":4.553943E-05,"happiness":8.087664E-05,"neutral":0.98570925,"sadness":0.009150734,"surprise":0.00139765837}}]
10:57:35-aluno11-2017-06-03-10:57:35.png$[{"faceRectangle":{"height":135,"left":249,"top":252,"width":135},"scores":{"anger":0.003541487,"contempt":0.000183247219,"disgust":3.154851E-05,"fear":1.2795932E-05,"happiness":1.12562648E-05,"neutral":0.991861165,"sadness":0.003942857,"surprise":0.0004156272}}]
10:57:37-aluno11-2017-06-03-10:57:37.png$[{"faceRectangle":{"height":137,"left":247,"top":250,"width":137},"scores":{"anger":0.0086064,"contempt":0.0003257032,"disgust":0.000261730835,"fear":8.117127E-05,"happiness":4.686958E-05,"neutral":0.983401239,"sadness":0.00394787267,"surprise":0.00332902954}}]
10:57:55-aluno11-2017-06-03-10:57:55.png$[]
10:58:03-aluno11-2017-06-03-10:58:04.png$[]
10:58:07-aluno11-2017-06-03-10:58:08.png$[]
10:58:19-aluno11-2017-06-03-10:58:19.png$[]
10:58:21-aluno11-2017-06-03-10:58:21.png$[{"faceRectangle":{"height":109,"left":246,"top":259,"width":109},"scores":{"anger":0.00219475245,"contempt":0.0001270811,"disgust":8.549643E-05,"fear":3.49034381E-05,"happiness":7.319973E-05,"neutral":0.992267132,"sadness":0.00170752185,"surprise":0.00350992824}}]
10:58:27-aluno11-2017-06-03-10:58:27.png$[]
10:58:31-aluno11-2017-06-03-10:58:31.png$[]
10:58:39-aluno11-2017-06-03-10:58:39.png$[]
10:58:43-aluno11-2017-06-03-10:58:43.png$[]
10:58:49-aluno11-2017-06-03-10:58:49.png$[]
10:58:51-aluno11-2017-06-03-10:58:51.png$[]
10:58:55-aluno11-2017-06-03-10:58:55.png$[]
10:58:57-aluno11-2017-06-03-10:58:58.png$[]
10:59:01-aluno11-2017-06-03-10:59:02.png$[]
10:59:03-aluno11-2017-06-03-10:59:03.png$[]
10:59:11-aluno11-2017-06-03-10:59:11.png$[]
10:59:13-aluno11-2017-06-03-10:59:13.png$[]
10:59:19-aluno11-2017-06-03-10:59:19.png$[]
10:59:21-aluno11-2017-06-03-10:59:21.png$[]
10:59:23-aluno11-2017-06-03-10:59:23.png$[]
10:59:25-aluno11-2017-06-03-10:59:25.png$[]
10:59:31-aluno11-2017-06-03-10:59:31.png$[]
10:59:35-aluno11-2017-06-03-10:59:35.png$[]
10:59:37-aluno11-2017-06-03-10:59:37.png$[]
10:59:39-aluno11-2017-06-03-10:59:40.png$[]
10:59:45-aluno11-2017-06-03-10:59:45.png$[]
11:00:01-aluno11-2017-06-03-11:00:01.png$[]
11:00:03-aluno11-2017-06-03-11:00:03.png$[]
11:00:07-aluno11-2017-06-03-11:00:07.png$[]
11:00:09-aluno11-2017-06-03-11:00:09.png$[]
11:00:11-aluno11-2017-06-03-11:00:11.png$[]
11:00:13-aluno11-2017-06-03-11:00:13.png$[{"faceRectangle":{"height":93,"left":224,"top":223,"width":93},"scores":{"anger":0.00018884521,"contempt":0.000103759878,"disgust":2.02859919E-05,"fear":7.723301E-06,"happiness":4.743013E-05,"neutral":0.995949566,"sadness":0.00334241055,"surprise":0.000339985243}}]
11:00:17-aluno11-2017-06-03-11:00:17.png$[]
11:00:21-aluno11-2017-06-03-11:00:21.png$[]
11:00:23-aluno11-2017-06-03-11:00:23.png$[]
11:00:25-aluno11-2017-06-03-11:00:25.png$[]
11:00:31-aluno11-2017-06-03-11:00:31.png$[]
11:00:33-aluno11-2017-06-03-11:00:34.png$[]
11:00:39-aluno11-2017-06-03-11:00:40.png$[]
11:00:43-aluno11-2017-06-03-11:00:44.png$[]
11:00:45-aluno11-2017-06-03-11:00:45.png$[]
11:00:47-aluno11-2017-06-03-11:00:47.png$[]
11:00:53-aluno11-2017-06-03-11:00:53.png$[]
11:00:55-aluno11-2017-06-03-11:00:55.png$[]
11:01:01-aluno11-2017-06-03-11:01:01.png$[]
11:01:05-aluno11-2017-06-03-11:01:05.png$[]
11:01:07-aluno11-2017-06-03-11:01:07.png$[]
11:01:09-aluno11-2017-06-03-11:01:09.png$[]
11:01:11-aluno11-2017-06-03-11:01:11.png$[]
11:01:13-aluno11-2017-06-03-11:01:14.png$[]
11:01:17-aluno11-2017-06-03-11:01:18.png$[]
11:01:25-aluno11-2017-06-03-11:01:25.png$[]
11:01:33-aluno11-2017-06-03-11:01:34.png$[]
11:01:37-aluno11-2017-06-03-11:01:38.png$[]
11:01:39-aluno11-2017-06-03-11:01:40.png$[]
11:01:41-aluno11-2017-06-03-11:01:42.png$[]
11:01:43-aluno11-2017-06-03-11:01:43.png$[]
11:01:45-aluno11-2017-06-03-11:01:45.png$[]
11:01:47-aluno11-2017-06-03-11:01:47.png$[]
11:01:53-aluno11-2017-06-03-11:01:54.png$[]
11:01:55-aluno11-2017-06-03-11:01:55.png$[]
11:02:01-aluno11-2017-06-03-11:02:01.png$[]
11:02:07-aluno11-2017-06-03-11:02:07.png$[{"faceRectangle":{"height":113,"left":235,"top":174,"width":113},"scores":{"anger":0.000717353949,"contempt":0.000335488672,"disgust":0.000169289648,"fear":4.332401E-06,"happiness":3.703214E-05,"neutral":0.992946267,"sadness":0.005586431,"surprise":0.000203776246}}]
11:02:15-aluno11-2017-06-03-11:02:15.png$[]
11:02:17-aluno11-2017-06-03-11:02:17.png$[]
11:02:19-aluno11-2017-06-03-11:02:19.png$[]
11:02:21-aluno11-2017-06-03-11:02:21.png$[]
11:02:27-aluno11-2017-06-03-11:02:27.png$[]
11:02:41-aluno11-2017-06-03-11:02:41.png$[]
11:02:43-aluno11-2017-06-03-11:02:43.png$[]
11:02:47-aluno11-2017-06-03-11:02:47.png$[]
11:02:49-aluno11-2017-06-03-11:02:50.png$[]
11:02:51-aluno11-2017-06-03-11:02:51.png$[]
11:02:57-aluno11-2017-06-03-11:02:57.png$[]
11:02:59-aluno11-2017-06-03-11:02:59.png$[]
11:03:03-aluno11-2017-06-03-11:03:03.png$[]
11:03:09-aluno11-2017-06-03-11:03:09.png$[]
11:03:11-aluno11-2017-06-03-11:03:11.png$[]
11:03:15-aluno11-2017-06-03-11:03:16.png$[]
11:03:17-aluno11-2017-06-03-11:03:17.png$[]
11:03:19-aluno11-2017-06-03-11:03:19.png$[]
11:03:21-aluno11-2017-06-03-11:03:21.png$[]
11:03:25-aluno11-2017-06-03-11:03:25.png$[]
11:03:29-aluno11-2017-06-03-11:03:29.png$[]
11:03:31-aluno11-2017-06-03-11:03:31.png$[]
11:03:33-aluno11-2017-06-03-11:03:33.png$[]
11:03:37-aluno11-2017-06-03-11:03:38.png$[]
11:03:43-aluno11-2017-06-03-11:03:43.png$[]
11:03:45-aluno11-2017-06-03-11:03:45.png$[]
11:03:49-aluno11-2017-06-03-11:03:49.png$[]
11:03:51-aluno11-2017-06-03-11:03:51.png$[]
11:03:53-aluno11-2017-06-03-11:03:53.png$[]
11:04:03-aluno11-2017-06-03-11:04:03.png$[]
11:04:05-aluno11-2017-06-03-11:04:05.png$[]
11:04:07-aluno11-2017-06-03-11:04:07.png$[]
11:04:09-aluno11-2017-06-03-11:04:10.png$[]
11:04:11-aluno11-2017-06-03-11:04:11.png$[]
11:04:13-aluno11-2017-06-03-11:04:14.png$[]
11:04:17-aluno11-2017-06-03-11:04:17.png$[{"faceRectangle":{"height":124,"left":321,"top":262,"width":124},"scores":{"anger":0.00332028884,"contempt":0.00023447696,"disgust":0.000627617352,"fear":0.000288075127,"happiness":0.0007816264,"neutral":0.943627,"sadness":0.00625682576,"surprise":0.0448640622}}]
11:04:21-aluno11-2017-06-03-11:04:21.png$[]
11:04:31-aluno11-2017-06-03-11:04:31.png$[]
11:04:33-aluno11-2017-06-03-11:04:33.png$[]
11:04:37-aluno11-2017-06-03-11:04:37.png$[]
11:04:43-aluno11-2017-06-03-11:04:43.png$[]
11:04:47-aluno11-2017-06-03-11:04:47.png$[]
11:04:51-aluno11-2017-06-03-11:04:51.png$[]
11:04:55-aluno11-2017-06-03-11:04:55.png$[]
11:04:59-aluno11-2017-06-03-11:04:59.png$[]
11:05:05-aluno11-2017-06-03-11:05:05.png$[]
11:05:09-aluno11-2017-06-03-11:05:09.png$[]
11:05:11-aluno11-2017-06-03-11:05:11.png$[]
11:05:15-aluno11-2017-06-03-11:05:15.png$[]
11:05:17-aluno11-2017-06-03-11:05:17.png$[]
11:05:19-aluno11-2017-06-03-11:05:19.png$[]
11:05:21-aluno11-2017-06-03-11:05:21.png$[]
11:05:23-aluno11-2017-06-03-11:05:24.png$[]
11:05:27-aluno11-2017-06-03-11:05:27.png$[]
11:05:31-aluno11-2017-06-03-11:05:31.png$[]
11:05:33-aluno11-2017-06-03-11:05:33.png$[]
11:05:39-aluno11-2017-06-03-11:05:39.png$[]
11:05:41-aluno11-2017-06-03-11:05:41.png$[]
11:05:45-aluno11-2017-06-03-11:05:45.png$[]
11:05:47-aluno11-2017-06-03-11:05:47.png$[]
11:05:53-aluno11-2017-06-03-11:05:53.png$[]
11:05:57-aluno11-2017-06-03-11:05:57.png$[]
11:06:05-aluno11-2017-06-03-11:06:05.png$[]
11:06:09-aluno11-2017-06-03-11:06:09.png$[]
11:06:13-aluno11-2017-06-03-11:06:13.png$[]
11:06:15-aluno11-2017-06-03-11:06:15.png$[]
11:06:19-aluno11-2017-06-03-11:06:19.png$[]
11:06:21-aluno11-2017-06-03-11:06:21.png$[]
11:06:23-aluno11-2017-06-03-11:06:23.png$[]
11:06:25-aluno11-2017-06-03-11:06:25.png$[]
11:06:29-aluno11-2017-06-03-11:06:29.png$[]
11:06:31-aluno11-2017-06-03-11:06:31.png$[]
11:06:33-aluno11-2017-06-03-11:06:33.png$[]
11:06:37-aluno11-2017-06-03-11:06:37.png$[]
11:06:41-aluno11-2017-06-03-11:06:41.png$[]
11:06:49-aluno11-2017-06-03-11:06:49.png$[]
11:06:51-aluno11-2017-06-03-11:06:51.png$[]
11:06:57-aluno11-2017-06-03-11:06:57.png$[]
11:07:05-aluno11-2017-06-03-11:07:05.png$[]
11:07:09-aluno11-2017-06-03-11:07:09.png$[]
11:07:11-aluno11-2017-06-03-11:07:11.png$[]
11:07:15-aluno11-2017-06-03-11:07:15.png$[]
11:07:17-aluno11-2017-06-03-11:07:17.png$[]
11:07:19-aluno11-2017-06-03-11:07:19.png$[]
11:07:21-aluno11-2017-06-03-11:07:21.png$[]
11:07:23-aluno11-2017-06-03-11:07:23.png$[]
11:07:25-aluno11-2017-06-03-11:07:25.png$[]
11:07:29-aluno11-2017-06-03-11:07:29.png$[]
11:07:31-aluno11-2017-06-03-11:07:31.png$[]
11:07:33-aluno11-2017-06-03-11:07:33.png$[]
11:07:39-aluno11-2017-06-03-11:07:39.png$[]
11:07:45-aluno11-2017-06-03-11:07:45.png$[{"faceRectangle":{"height":124,"left":307,"top":239,"width":124},"scores":{"anger":2.47163589E-05,"contempt":4.56068556E-05,"disgust":1.10240462E-05,"fear":1.68309171E-07,"happiness":0.000266579766,"neutral":0.9951522,"sadness":0.004478394,"surprise":2.13095973E-05}}]
11:07:49-aluno11-2017-06-03-11:07:49.png$[]
11:07:51-aluno11-2017-06-03-11:07:51.png$[]
11:07:53-aluno11-2017-06-03-11:07:53.png$[]
11:07:59-aluno11-2017-06-03-11:07:59.png$[]
11:08:01-aluno11-2017-06-03-11:08:02.png$[]
11:08:05-aluno11-2017-06-03-11:08:05.png$[]
11:08:07-aluno11-2017-06-03-11:08:07.png$[]
11:08:11-aluno11-2017-06-03-11:08:11.png$[]
11:08:17-aluno11-2017-06-03-11:08:18.png$[{"faceRectangle":{"height":106,"left":335,"top":279,"width":106},"scores":{"anger":0.009534519,"contempt":0.004624345,"disgust":0.004916082,"fear":0.00011325135,"happiness":0.0133151347,"neutral":0.9550282,"sadness":0.008237428,"surprise":0.0042310385}}]
11:08:19-aluno11-2017-06-03-11:08:20.png$[]
11:08:21-aluno11-2017-06-03-11:08:21.png$[]
11:08:25-aluno11-2017-06-03-11:08:26.png$[]
11:08:27-aluno11-2017-06-03-11:08:27.png$[]
11:08:35-aluno11-2017-06-03-11:08:35.png$[]
11:08:37-aluno11-2017-06-03-11:08:37.png$[]
11:08:39-aluno11-2017-06-03-11:08:39.png$[]
11:08:43-aluno11-2017-06-03-11:08:43.png$[]
11:08:45-aluno11-2017-06-03-11:08:45.png$[]
11:08:53-aluno11-2017-06-03-11:08:53.png$[{"faceRectangle":{"height":138,"left":276,"top":253,"width":138},"scores":{"anger":0.000903485867,"contempt":0.000298325846,"disgust":3.27452981E-05,"fear":3.01956843E-05,"happiness":0.00113449036,"neutral":0.9921816,"sadness":0.004429919,"surprise":0.000989237}}]
11:08:55-aluno11-2017-06-03-11:08:55.png$[]
11:08:57-aluno11-2017-06-03-11:08:57.png$[]
11:08:59-aluno11-2017-06-03-11:08:59.png$[]
11:09:01-aluno11-2017-06-03-11:09:01.png$[]
11:09:03-aluno11-2017-06-03-11:09:03.png$[]
11:09:05-aluno11-2017-06-03-11:09:05.png$[]
11:09:07-aluno11-2017-06-03-11:09:07.png$[]
11:09:09-aluno11-2017-06-03-11:09:09.png$[]
11:09:25-aluno11-2017-06-03-11:09:26.png$[]
11:09:27-aluno11-2017-06-03-11:09:28.png$[]
11:09:39-aluno11-2017-06-03-11:09:39.png$[]
11:09:43-aluno11-2017-06-03-11:09:43.png$[]
11:09:45-aluno11-2017-06-03-11:09:45.png$[]
11:09:47-aluno11-2017-06-03-11:09:47.png$[]
11:09:57-aluno11-2017-06-03-11:09:57.png$[]
11:09:59-aluno11-2017-06-03-11:09:59.png$[]
11:10:03-aluno11-2017-06-03-11:10:03.png$[{"faceRectangle":{"height":115,"left":276,"top":250,"width":115},"scores":{"anger":0.00187972013,"contempt":0.000593406847,"disgust":0.000464344921,"fear":0.000183829557,"happiness":0.000447751867,"neutral":0.976748347,"sadness":0.008457052,"surprise":0.0112255476}}]
11:10:07-aluno11-2017-06-03-11:10:07.png$[]
11:10:09-aluno11-2017-06-03-11:10:09.png$[]
11:10:11-aluno11-2017-06-03-11:10:11.png$[]
11:10:19-aluno11-2017-06-03-11:10:19.png$[]
11:10:21-aluno11-2017-06-03-11:10:21.png$[]
11:10:33-aluno11-2017-06-03-11:10:33.png$[]
11:10:37-aluno11-2017-06-03-11:10:38.png$[]
11:10:39-aluno11-2017-06-03-11:10:39.png$[]
11:10:41-aluno11-2017-06-03-11:10:41.png$[]
11:10:43-aluno11-2017-06-03-11:10:43.png$[]
11:10:45-aluno11-2017-06-03-11:10:45.png$[]
11:10:49-aluno11-2017-06-03-11:10:49.png$[]
11:11:03-aluno11-2017-06-03-11:11:03.png$[]
11:11:05-aluno11-2017-06-03-11:11:05.png$[]
11:11:09-aluno11-2017-06-03-11:11:09.png$[{"faceRectangle":{"height":132,"left":293,"top":247,"width":132},"scores":{"anger":0.000365090644,"contempt":0.000124725077,"disgust":0.000113383838,"fear":3.77978722E-05,"happiness":0.000837088737,"neutral":0.9876603,"sadness":0.00639912859,"surprise":0.00446251733}}]
11:11:11-aluno11-2017-06-03-11:11:11.png$[]
11:11:15-aluno11-2017-06-03-11:11:15.png$[]
11:11:17-aluno11-2017-06-03-11:11:17.png$[]
11:11:25-aluno11-2017-06-03-11:11:25.png$[]
11:11:29-aluno11-2017-06-03-11:11:29.png$[]
11:11:31-aluno11-2017-06-03-11:11:31.png$[]
11:11:35-aluno11-2017-06-03-11:11:35.png$[]
11:11:45-aluno11-2017-06-03-11:11:45.png$[]
11:11:59-aluno11-2017-06-03-11:11:59.png$[]
11:12:01-aluno11-2017-06-03-11:12:02.png$[]
11:12:03-aluno11-2017-06-03-11:12:03.png$[]
11:12:09-aluno11-2017-06-03-11:12:09.png$[]
11:12:11-aluno11-2017-06-03-11:12:11.png$[{"faceRectangle":{"height":42,"left":16,"top":373,"width":42},"scores":{"anger":0.00104447687,"contempt":0.0001828692,"disgust":1.378908E-05,"fear":2.52375844E-06,"happiness":0.001094901,"neutral":0.9972597,"sadness":0.000161518226,"surprise":0.000240229449}}]
11:12:13-aluno11-2017-06-03-11:12:14.png$[]
11:12:23-aluno11-2017-06-03-11:12:23.png$[{"faceRectangle":{"height":42,"left":11,"top":366,"width":42},"scores":{"anger":0.003073792,"contempt":0.0001296243,"disgust":3.73980038E-05,"fear":1.07691658E-05,"happiness":0.000148609877,"neutral":0.9956418,"sadness":0.000173126275,"surprise":0.0007848241}}]
11:12:25-aluno11-2017-06-03-11:12:25.png$[]
11:12:29-aluno11-2017-06-03-11:12:29.png$[]
11:12:33-aluno11-2017-06-03-11:12:33.png$[{"faceRectangle":{"height":42,"left":0,"top":368,"width":42},"scores":{"anger":3.770252E-05,"contempt":0.000528760254,"disgust":3.0281828E-05,"fear":5.704171E-07,"happiness":0.988247633,"neutral":0.0110822227,"sadness":6.90622837E-05,"surprise":3.74055321E-06}}]
11:12:35-aluno11-2017-06-03-11:12:35.png$[{"faceRectangle":{"height":40,"left":240,"top":249,"width":40},"scores":{"anger":0.000127620267,"contempt":8.271544E-05,"disgust":2.19978529E-06,"fear":2.4827616E-06,"happiness":5.99824743E-05,"neutral":0.9995617,"sadness":4.67799327E-05,"surprise":0.000116511612}}]
11:12:37-aluno11-2017-06-03-11:12:37.png$[]
11:12:43-aluno11-2017-06-03-11:12:43.png$[]
11:12:44-aluno112-2017-06-03-11:12:44.png$[]
11:12:45-aluno11-2017-06-03-11:12:45.png$[{"faceRectangle":{"height":184,"left":196,"top":191,"width":184},"scores":{"anger":0.00217273831,"contempt":0.00142375648,"disgust":0.00203898,"fear":0.00143283908,"happiness":0.00132970815,"neutral":0.950610042,"sadness":0.030419955,"surprise":0.0105719622}}]
11:12:46-aluno112-2017-06-03-11:12:46.png$[]
11:12:58-aluno112-2017-06-03-11:12:58.png$[]
11:13:00-aluno112-2017-06-03-11:13:00.png$[]
11:13:06-aluno112-2017-06-03-11:13:06.png$[]
11:13:14-aluno112-2017-06-03-11:13:14.png$[]
11:13:20-aluno112-2017-06-03-11:13:20.png$[]
11:13:24-aluno112-2017-06-03-11:13:24.png$[]
11:13:26-aluno112-2017-06-03-11:13:26.png$[]
11:13:28-aluno112-2017-06-03-11:13:28.png$[]
11:13:32-aluno112-2017-06-03-11:13:32.png$[]
11:13:34-aluno112-2017-06-03-11:13:34.png$[]
11:13:36-aluno112-2017-06-03-11:13:36.png$[]
11:13:38-aluno112-2017-06-03-11:13:38.png$[]
11:13:40-aluno112-2017-06-03-11:13:40.png$[{"faceRectangle":{"height":40,"left":208,"top":158,"width":40},"scores":{"anger":0.000138673859,"contempt":0.0003917055,"disgust":3.94619346E-05,"fear":6.76681748E-06,"happiness":2.19419762E-05,"neutral":0.9799813,"sadness":0.01921893,"surprise":0.000201217772}}]
11:13:46-aluno112-2017-06-03-11:13:46.png$[]
11:13:48-aluno112-2017-06-03-11:13:48.png$[{"faceRectangle":{"height":39,"left":205,"top":155,"width":39},"scores":{"anger":4.174703E-05,"contempt":0.000189181359,"disgust":9.954161E-06,"fear":2.461194E-05,"happiness":1.47860674E-05,"neutral":0.995988369,"sadness":0.00268723164,"surprise":0.00104412972}}]
11:13:50-aluno112-2017-06-03-11:13:50.png$[]
11:13:54-aluno112-2017-06-03-11:13:54.png$[{"faceRectangle":{"height":39,"left":197,"top":159,"width":39},"scores":{"anger":0.0008466476,"contempt":0.0005907544,"disgust":0.000497971,"fear":0.000371249072,"happiness":0.0009511601,"neutral":0.9797322,"sadness":0.00624391064,"surprise":0.0107660629}}]
11:13:58-aluno112-2017-06-03-11:13:58.png$[{"faceRectangle":{"height":40,"left":201,"top":161,"width":40},"scores":{"anger":0.0002940409,"contempt":0.00173383486,"disgust":0.000460873038,"fear":5.089569E-05,"happiness":9.493181E-05,"neutral":0.986636,"sadness":0.009441708,"surprise":0.00128772482}}]
11:14:00-aluno112-2017-06-03-11:14:00.png$[{"faceRectangle":{"height":40,"left":196,"top":166,"width":40},"scores":{"anger":0.000264962728,"contempt":0.000723930367,"disgust":0.000244831841,"fear":3.43853753E-05,"happiness":0.0003307789,"neutral":0.9902031,"sadness":0.00729216263,"surprise":0.000905865338}}]
11:14:02-aluno112-2017-06-03-11:14:02.png$[]
11:14:04-aluno112-2017-06-03-11:14:04.png$[]
11:14:12-aluno112-2017-06-03-11:14:12.png$[]
11:14:14-aluno112-2017-06-03-11:14:14.png$[]
11:14:16-aluno112-2017-06-03-11:14:16.png$[]
11:14:20-aluno112-2017-06-03-11:14:20.png$[]
11:14:22-aluno112-2017-06-03-11:14:22.png$[]
11:14:24-aluno112-2017-06-03-11:14:24.png$[]
11:14:26-aluno112-2017-06-03-11:14:26.png$[]
11:14:32-aluno112-2017-06-03-11:14:32.png$[]
11:14:34-aluno112-2017-06-03-11:14:34.png$[]
11:14:38-aluno112-2017-06-03-11:14:38.png$[]
11:14:40-aluno112-2017-06-03-11:14:40.png$[]
11:14:56-aluno112-2017-06-03-11:14:56.png$[]
11:14:58-aluno112-2017-06-03-11:14:58.png$[{"faceRectangle":{"height":59,"left":44,"top":105,"width":59},"scores":{"anger":0.000204300246,"contempt":3.628869E-05,"disgust":2.96455869E-06,"fear":2.26633938E-06,"happiness":0.000288102368,"neutral":0.998277545,"sadness":0.00113884988,"surprise":4.968323E-05}}]
11:15:02-aluno112-2017-06-03-11:15:02.png$[]
11:15:04-aluno112-2017-06-03-11:15:04.png$[]
11:15:06-aluno112-2017-06-03-11:15:06.png$[]
11:15:12-aluno112-2017-06-03-11:15:12.png$[]
11:15:14-aluno112-2017-06-03-11:15:14.png$[]
11:15:22-aluno112-2017-06-03-11:15:22.png$[]
11:15:28-aluno112-2017-06-03-11:15:28.png$[]
11:15:44-aluno112-2017-06-03-11:15:44.png$[]
11:15:48-aluno112-2017-06-03-11:15:48.png$[]
11:16:00-aluno112-2017-06-03-11:16:00.png$[]
11:16:08-aluno112-2017-06-03-11:16:09.png$[]
11:16:12-aluno112-2017-06-03-11:16:12.png$[]
11:16:16-aluno112-2017-06-03-11:16:17.png$[]
11:16:18-aluno112-2017-06-03-11:16:18.png$[]
11:16:22-aluno112-2017-06-03-11:16:22.png$[]
11:16:36-aluno112-2017-06-03-11:16:36.png$[]
11:16:38-aluno112-2017-06-03-11:16:38.png$[]
11:16:40-aluno112-2017-06-03-11:16:40.png$[]
11:16:42-aluno112-2017-06-03-11:16:42.png$[]
11:16:44-aluno112-2017-06-03-11:16:44.png$[]
11:16:46-aluno112-2017-06-03-11:16:46.png$[]
11:16:50-aluno112-2017-06-03-11:16:50.png$[]
11:16:52-aluno112-2017-06-03-11:16:52.png$[]
11:16:56-aluno112-2017-06-03-11:16:56.png$[]
11:16:58-aluno112-2017-06-03-11:16:58.png$[]
11:17:08-aluno112-2017-06-03-11:17:08.png$[]
11:17:10-aluno112-2017-06-03-11:17:10.png$[]
11:17:18-aluno112-2017-06-03-11:17:18.png$[]
11:17:20-aluno112-2017-06-03-11:17:20.png$[]
11:17:22-aluno112-2017-06-03-11:17:22.png$[]
11:17:26-aluno112-2017-06-03-11:17:26.png$[]
11:17:28-aluno112-2017-06-03-11:17:28.png$[]
11:17:32-aluno112-2017-06-03-11:17:32.png$[]
11:17:34-aluno112-2017-06-03-11:17:34.png$[]
11:17:36-aluno112-2017-06-03-11:17:36.png$[]
11:17:38-aluno112-2017-06-03-11:17:38.png$[]
11:17:42-aluno112-2017-06-03-11:17:42.png$[]
11:17:44-aluno112-2017-06-03-11:17:44.png$[]
11:17:48-aluno112-2017-06-03-11:17:48.png$[]
11:17:58-aluno112-2017-06-03-11:17:58.png$[]
11:18:02-aluno112-2017-06-03-11:18:02.png$[]
11:18:06-aluno112-2017-06-03-11:18:06.png$[]
11:18:10-aluno112-2017-06-03-11:18:10.png$[]
11:18:16-aluno112-2017-06-03-11:18:16.png$[]
11:18:18-aluno112-2017-06-03-11:18:18.png$[]
11:18:22-aluno112-2017-06-03-11:18:22.png$[]
11:18:24-aluno112-2017-06-03-11:18:24.png$[]
11:18:26-aluno112-2017-06-03-11:18:26.png$[]
11:18:36-aluno112-2017-06-03-11:18:36.png$[]
11:18:40-aluno112-2017-06-03-11:18:40.png$[]
11:18:42-aluno112-2017-06-03-11:18:42.png$[]
11:18:48-aluno112-2017-06-03-11:18:48.png$[{"faceRectangle":{"height":146,"left":167,"top":165,"width":146},"scores":{"anger":0.000168258062,"contempt":0.00271341437,"disgust":5.096777E-05,"fear":0.0003441734,"happiness":0.000113068738,"neutral":0.9561974,"sadness":0.03901149,"surprise":0.00140126364}}]
11:18:50-aluno112-2017-06-03-11:18:50.png$[]
11:18:58-aluno112-2017-06-03-11:18:58.png$[]
11:19:00-aluno112-2017-06-03-11:19:00.png$[]
11:19:02-aluno112-2017-06-03-11:19:02.png$[]
11:19:06-aluno112-2017-06-03-11:19:06.png$[]
11:19:12-aluno112-2017-06-03-11:19:12.png$[]
11:19:18-aluno112-2017-06-03-11:19:18.png$[]
11:19:20-aluno112-2017-06-03-11:19:20.png$[]
11:19:26-aluno112-2017-06-03-11:19:26.png$[]
11:19:28-aluno112-2017-06-03-11:19:28.png$[]
11:19:30-aluno112-2017-06-03-11:19:30.png$[]
11:19:34-aluno112-2017-06-03-11:19:34.png$[]
11:19:36-aluno112-2017-06-03-11:19:36.png$[]
11:19:44-aluno112-2017-06-03-11:19:44.png$[]
11:19:52-aluno112-2017-06-03-11:19:52.png$[]
11:19:54-aluno112-2017-06-03-11:19:54.png$[]
11:20:06-aluno112-2017-06-03-11:20:06.png$[]
11:20:08-aluno112-2017-06-03-11:20:08.png$[]
11:20:10-aluno112-2017-06-03-11:20:10.png$[]
11:20:18-aluno112-2017-06-03-11:20:18.png$[]
11:20:20-aluno112-2017-06-03-11:20:20.png$[]
11:20:24-aluno112-2017-06-03-11:20:24.png$[]
11:20:26-aluno112-2017-06-03-11:20:26.png$[]
11:20:28-aluno112-2017-06-03-11:20:28.png$[]
11:20:32-aluno112-2017-06-03-11:20:32.png$[]
11:20:34-aluno112-2017-06-03-11:20:34.png$[]
11:20:36-aluno112-2017-06-03-11:20:36.png$[]
11:20:40-aluno112-2017-06-03-11:20:40.png$[]
11:20:44-aluno112-2017-06-03-11:20:44.png$[]
11:20:48-aluno112-2017-06-03-11:20:48.png$[]
11:20:50-aluno112-2017-06-03-11:20:50.png$[]
11:20:52-aluno112-2017-06-03-11:20:52.png$[]
11:20:58-aluno112-2017-06-03-11:20:58.png$[]
11:21:06-aluno112-2017-06-03-11:21:06.png$[]
11:21:10-aluno112-2017-06-03-11:21:10.png$[]
11:21:12-aluno112-2017-06-03-11:21:12.png$[]
11:21:22-aluno112-2017-06-03-11:21:22.png$[]
11:21:24-aluno112-2017-06-03-11:21:24.png$[]
11:21:26-aluno112-2017-06-03-11:21:26.png$[]
11:21:38-aluno112-2017-06-03-11:21:38.png$[]
11:21:42-aluno112-2017-06-03-11:21:42.png$[]
11:21:44-aluno112-2017-06-03-11:21:44.png$[]
11:21:46-aluno112-2017-06-03-11:21:46.png$[]
11:21:48-aluno112-2017-06-03-11:21:48.png$[]
11:21:50-aluno112-2017-06-03-11:21:50.png$[]
11:21:52-aluno112-2017-06-03-11:21:52.png$[]
11:21:58-aluno112-2017-06-03-11:21:58.png$[]
11:22:04-aluno112-2017-06-03-11:22:04.png$[]
11:22:12-aluno112-2017-06-03-11:22:12.png$[]
11:22:18-aluno112-2017-06-03-11:22:18.png$[]
11:22:20-aluno112-2017-06-03-11:22:20.png$[]
11:22:24-aluno112-2017-06-03-11:22:24.png$[]
11:22:30-aluno112-2017-06-03-11:22:30.png$[]
11:22:34-aluno112-2017-06-03-11:22:34.png$[]
11:22:42-aluno112-2017-06-03-11:22:42.png$[]
11:22:44-aluno112-2017-06-03-11:22:44.png$[]
11:22:46-aluno112-2017-06-03-11:22:46.png$[]
11:22:48-aluno112-2017-06-03-11:22:48.png$[]
11:22:52-aluno112-2017-06-03-11:22:52.png$[]
11:22:58-aluno112-2017-06-03-11:22:58.png$[]
11:23:02-aluno112-2017-06-03-11:23:02.png$[]
11:23:06-aluno112-2017-06-03-11:23:06.png$[]
11:23:24-aluno112-2017-06-03-11:23:24.png$[]
11:23:26-aluno112-2017-06-03-11:23:26.png$[]
11:23:28-aluno112-2017-06-03-11:23:28.png$[]
11:23:34-aluno112-2017-06-03-11:23:34.png$[]
11:23:40-aluno112-2017-06-03-11:23:40.png$[]
11:23:42-aluno112-2017-06-03-11:23:42.png$[]
11:23:44-aluno112-2017-06-03-11:23:44.png$[]
11:23:46-aluno112-2017-06-03-11:23:46.png$[]
11:23:52-aluno112-2017-06-03-11:23:52.png$[]
11:23:56-aluno112-2017-06-03-11:23:56.png$[]
11:23:58-aluno112-2017-06-03-11:23:58.png$[]
11:24:04-aluno112-2017-06-03-11:24:04.png$[]
11:24:06-aluno112-2017-06-03-11:24:06.png$[]
11:24:16-aluno112-2017-06-03-11:24:16.png$[]
11:24:20-aluno112-2017-06-03-11:24:20.png$[]
11:24:28-aluno112-2017-06-03-11:24:28.png$[]
11:24:32-aluno112-2017-06-03-11:24:32.png$[]
11:24:36-aluno112-2017-06-03-11:24:36.png$[]
11:24:38-aluno112-2017-06-03-11:24:38.png$[]
11:24:40-aluno112-2017-06-03-11:24:40.png$[]
11:24:42-aluno112-2017-06-03-11:24:42.png$[]
11:24:44-aluno112-2017-06-03-11:24:44.png$[]
11:24:46-aluno112-2017-06-03-11:24:46.png$[]
11:24:50-aluno112-2017-06-03-11:24:50.png$[]
11:24:56-aluno112-2017-06-03-11:24:56.png$[]
11:25:00-aluno112-2017-06-03-11:25:00.png$[]
11:25:04-aluno112-2017-06-03-11:25:04.png$[]
11:25:06-aluno112-2017-06-03-11:25:06.png$[]
11:25:08-aluno112-2017-06-03-11:25:08.png$[]
11:25:10-aluno112-2017-06-03-11:25:10.png$[]
11:25:12-aluno112-2017-06-03-11:25:12.png$[]
11:25:14-aluno112-2017-06-03-11:25:14.png$[]
11:25:18-aluno112-2017-06-03-11:25:18.png$[]
11:25:22-aluno112-2017-06-03-11:25:23.png$[]
11:25:24-aluno112-2017-06-03-11:25:24.png$[]
11:25:34-aluno112-2017-06-03-11:25:34.png$[]
11:25:38-aluno112-2017-06-03-11:25:38.png$[]
11:25:40-aluno112-2017-06-03-11:25:40.png$[]
11:25:42-aluno112-2017-06-03-11:25:42.png$[]
11:25:44-aluno112-2017-06-03-11:25:44.png$[]
11:25:48-aluno112-2017-06-03-11:25:48.png$[]
11:25:54-aluno112-2017-06-03-11:25:54.png$[]
11:26:00-aluno112-2017-06-03-11:26:00.png$[]
11:26:06-aluno112-2017-06-03-11:26:06.png$[]
11:26:12-aluno112-2017-06-03-11:26:12.png$[]
11:26:14-aluno112-2017-06-03-11:26:14.png$[]
11:26:16-aluno112-2017-06-03-11:26:16.png$[]
11:26:20-aluno112-2017-06-03-11:26:20.png$[]
11:26:22-aluno112-2017-06-03-11:26:22.png$[]
11:26:26-aluno112-2017-06-03-11:26:26.png$[]
11:26:38-aluno112-2017-06-03-11:26:38.png$[]
11:26:42-aluno112-2017-06-03-11:26:42.png$[]
11:26:46-aluno112-2017-06-03-11:26:46.png$[]
11:26:50-aluno112-2017-06-03-11:26:50.png$[]
11:26:52-aluno112-2017-06-03-11:26:52.png$[]
11:26:54-aluno112-2017-06-03-11:26:54.png$[]
11:27:02-aluno112-2017-06-03-11:27:02.png$[]
11:27:04-aluno112-2017-06-03-11:27:04.png$[]
11:27:16-aluno112-2017-06-03-11:27:16.png$[]
11:27:22-aluno112-2017-06-03-11:27:22.png$[]
11:27:28-aluno112-2017-06-03-11:27:28.png$[]
11:27:30-aluno112-2017-06-03-11:27:30.png$[]
11:27:32-aluno112-2017-06-03-11:27:32.png$[]
11:27:36-aluno112-2017-06-03-11:27:36.png$[]
11:27:40-aluno112-2017-06-03-11:27:40.png$[]
11:27:42-aluno112-2017-06-03-11:27:42.png$[]
11:27:48-aluno112-2017-06-03-11:27:48.png$[{"faceRectangle":{"height":118,"left":184,"top":97,"width":118},"scores":{"anger":1.96736946E-05,"contempt":0.000117189928,"disgust":1.67827272E-06,"fear":1.16536057E-06,"happiness":2.91919036E-06,"neutral":0.9990957,"sadness":0.0007313922,"surprise":3.03179932E-05}}]
11:27:50-aluno112-2017-06-03-11:27:50.png$[{"faceRectangle":{"height":120,"left":168,"top":105,"width":120},"scores":{"anger":2.00306622E-05,"contempt":7.971055E-05,"disgust":1.55155533E-06,"fear":3.07639243E-06,"happiness":1.93681785E-06,"neutral":0.9983672,"sadness":0.00149147538,"surprise":3.502807E-05}}]
11:27:52-aluno112-2017-06-03-11:27:52.png$[{"faceRectangle":{"height":125,"left":172,"top":109,"width":125},"scores":{"anger":7.867788E-05,"contempt":0.000362097751,"disgust":6.920207E-07,"fear":1.43491934E-06,"happiness":3.924243E-07,"neutral":0.9952478,"sadness":0.004297773,"surprise":1.114507E-05}}]
11:27:56-aluno112-2017-06-03-11:27:56.png$[]
11:27:58-aluno112-2017-06-03-11:27:58.png$[{"faceRectangle":{"height":111,"left":256,"top":130,"width":111},"scores":{"anger":0.00162760273,"contempt":0.00570207648,"disgust":0.00351542747,"fear":0.000388067449,"happiness":0.0004617178,"neutral":0.889208555,"sadness":0.0949089,"surprise":0.00418763654}}]
11:28:00-aluno112-2017-06-03-11:28:00.png$[]
11:28:04-aluno112-2017-06-03-11:28:05.png$[]
11:28:06-aluno112-2017-06-03-11:28:06.png$[]
11:28:08-aluno112-2017-06-03-11:28:08.png$[]
11:28:12-aluno112-2017-06-03-11:28:12.png$[]
11:28:14-aluno112-2017-06-03-11:28:14.png$[]
11:28:16-aluno112-2017-06-03-11:28:16.png$[]
11:28:20-aluno112-2017-06-03-11:28:20.png$[]
11:28:22-aluno112-2017-06-03-11:28:22.png$[]
11:28:24-aluno112-2017-06-03-11:28:24.png$[]
11:28:28-aluno112-2017-06-03-11:28:28.png$[]
11:28:32-aluno112-2017-06-03-11:28:32.png$[]
11:28:34-aluno112-2017-06-03-11:28:34.png$[]
11:28:36-aluno112-2017-06-03-11:28:36.png$[]
11:28:38-aluno112-2017-06-03-11:28:38.png$[]
11:28:40-aluno112-2017-06-03-11:28:40.png$[]
11:28:42-aluno112-2017-06-03-11:28:42.png$[]
11:28:46-aluno112-2017-06-03-11:28:46.png$[]
11:28:52-aluno112-2017-06-03-11:28:52.png$[]
11:29:02-aluno112-2017-06-03-11:29:02.png$[]
11:29:10-aluno112-2017-06-03-11:29:10.png$[]
11:29:16-aluno112-2017-06-03-11:29:16.png$[]
11:29:18-aluno112-2017-06-03-11:29:18.png$[]
11:29:24-aluno112-2017-06-03-11:29:24.png$[]
11:29:34-aluno112-2017-06-03-11:29:34.png$[]
11:29:36-aluno112-2017-06-03-11:29:36.png$[]
11:29:40-aluno112-2017-06-03-11:29:40.png$[]
11:29:48-aluno112-2017-06-03-11:29:48.png$[]
11:29:50-aluno112-2017-06-03-11:29:50.png$[]
11:29:54-aluno112-2017-06-03-11:29:54.png$[]
11:30:00-aluno112-2017-06-03-11:30:00.png$[]
11:30:02-aluno112-2017-06-03-11:30:02.png$[]
11:30:04-aluno112-2017-06-03-11:30:04.png$[]
11:30:08-aluno112-2017-06-03-11:30:08.png$[]
11:30:10-aluno112-2017-06-03-11:30:10.png$[]
11:30:14-aluno112-2017-06-03-11:30:14.png$[]
11:30:16-aluno112-2017-06-03-11:30:16.png$[]
11:30:20-aluno112-2017-06-03-11:30:20.png$[]
11:30:26-aluno112-2017-06-03-11:30:26.png$[]
11:30:28-aluno112-2017-06-03-11:30:28.png$[]
11:30:30-aluno112-2017-06-03-11:30:30.png$[]
11:30:32-aluno112-2017-06-03-11:30:32.png$[]
11:30:36-aluno112-2017-06-03-11:30:36.png$[]
11:30:38-aluno112-2017-06-03-11:30:38.png$[]
11:30:42-aluno112-2017-06-03-11:30:42.png$[]
11:30:46-aluno112-2017-06-03-11:30:46.png$[]
11:30:48-aluno112-2017-06-03-11:30:48.png$[]
11:30:52-aluno112-2017-06-03-11:30:52.png$[{"faceRectangle":{"height":115,"left":242,"top":188,"width":115},"scores":{"anger":0.004356069,"contempt":0.00117823062,"disgust":0.000961442071,"fear":0.00169254071,"happiness":0.0018357347,"neutral":0.930993438,"sadness":0.03368362,"surprise":0.02529894}}]
11:30:54-aluno112-2017-06-03-11:30:54.png$[]
11:30:56-aluno112-2017-06-03-11:30:56.png$[]
11:31:02-aluno112-2017-06-03-11:31:02.png$[]
11:31:04-aluno112-2017-06-03-11:31:04.png$[]
11:31:06-aluno112-2017-06-03-11:31:06.png$[]
11:31:08-aluno112-2017-06-03-11:31:08.png$[]
11:31:14-aluno112-2017-06-03-11:31:14.png$[]
11:31:18-aluno112-2017-06-03-11:31:19.png$[]
11:31:20-aluno112-2017-06-03-11:31:20.png$[]
11:31:24-aluno112-2017-06-03-11:31:24.png$[]
11:31:26-aluno112-2017-06-03-11:31:26.png$[]
11:31:30-aluno112-2017-06-03-11:31:30.png$[]
11:31:34-aluno112-2017-06-03-11:31:34.png$[]
11:31:38-aluno112-2017-06-03-11:31:38.png$[]
11:31:40-aluno112-2017-06-03-11:31:40.png$[]
11:31:42-aluno112-2017-06-03-11:31:42.png$[]
11:31:58-aluno112-2017-06-03-11:31:58.png$[]
11:32:02-aluno112-2017-06-03-11:32:02.png$[]
11:32:06-aluno112-2017-06-03-11:32:06.png$[]
11:32:08-aluno112-2017-06-03-11:32:08.png$[]
11:32:12-aluno112-2017-06-03-11:32:12.png$[]
11:32:14-aluno112-2017-06-03-11:32:14.png$[]
11:32:16-aluno112-2017-06-03-11:32:16.png$[]
11:32:18-aluno112-2017-06-03-11:32:18.png$[]
11:32:28-aluno112-2017-06-03-11:32:28.png$[]
11:32:30-aluno112-2017-06-03-11:32:30.png$[]
11:32:36-aluno112-2017-06-03-11:32:36.png$[]
11:32:38-aluno112-2017-06-03-11:32:38.png$[]
11:32:42-aluno112-2017-06-03-11:32:42.png$[]
11:32:50-aluno112-2017-06-03-11:32:50.png$[]
11:32:54-aluno112-2017-06-03-11:32:54.png$[]
11:33:08-aluno112-2017-06-03-11:33:09.png$[]
11:33:10-aluno112-2017-06-03-11:33:11.png$[]
11:33:12-aluno112-2017-06-03-11:33:13.png$[{"faceRectangle":{"height":139,"left":208,"top":173,"width":139},"scores":{"anger":0.0004621934,"contempt":0.00073754543,"disgust":5.085473E-05,"fear":9.540138E-05,"happiness":1.760418E-05,"neutral":0.989923239,"sadness":0.00778583251,"surprise":0.000927332847}}]
11:33:16-aluno112-2017-06-03-11:33:17.png$[]
11:33:18-aluno112-2017-06-03-11:33:19.png$[]
11:33:24-aluno112-2017-06-03-11:33:27.png$[]
11:33:32-aluno112-2017-06-03-11:33:33.png$[]
11:33:36-aluno112-2017-06-03-11:33:37.png$[]
11:33:38-aluno112-2017-06-03-11:33:39.png$[]
11:33:42-aluno112-2017-06-03-11:33:42.png$[]
11:33:44-aluno112-2017-06-03-11:33:44.png$[]
11:33:48-aluno112-2017-06-03-11:33:48.png$[]
11:33:56-aluno112-2017-06-03-11:33:56.png$[]
11:33:58-aluno112-2017-06-03-11:33:58.png$[]
11:34:00-aluno112-2017-06-03-11:34:00.png$[]
11:34:04-aluno112-2017-06-03-11:34:04.png$[]
11:34:08-aluno112-2017-06-03-11:34:08.png$[]
11:34:10-aluno112-2017-06-03-11:34:10.png$[]
11:34:12-aluno112-2017-06-03-11:34:12.png$[]
11:34:14-aluno112-2017-06-03-11:34:14.png$[]
11:34:18-aluno112-2017-06-03-11:34:19.png$[]
11:34:20-aluno112-2017-06-03-11:34:21.png$[]
11:34:22-aluno112-2017-06-03-11:34:22.png$[]
11:34:24-aluno112-2017-06-03-11:34:24.png$[]
11:34:30-aluno112-2017-06-03-11:34:30.png$[]
11:34:34-aluno112-2017-06-03-11:34:34.png$[]
11:34:36-aluno112-2017-06-03-11:34:36.png$[]
11:34:40-aluno112-2017-06-03-11:34:40.png$[]
11:34:42-aluno112-2017-06-03-11:34:42.png$[]
11:34:48-aluno112-2017-06-03-11:34:48.png$[]
11:34:50-aluno112-2017-06-03-11:34:50.png$[]
11:34:52-aluno112-2017-06-03-11:34:52.png$[]
11:34:54-aluno112-2017-06-03-11:34:54.png$[]
11:34:56-aluno112-2017-06-03-11:34:56.png$[]
11:35:00-aluno112-2017-06-03-11:35:00.png$[]
11:35:08-aluno112-2017-06-03-11:35:08.png$[]
11:35:10-aluno112-2017-06-03-11:35:10.png$[]
11:35:18-aluno112-2017-06-03-11:35:18.png$[]
11:35:24-aluno112-2017-06-03-11:35:24.png$[]
11:35:26-aluno112-2017-06-03-11:35:26.png$[]
11:35:28-aluno112-2017-06-03-11:35:28.png$[]
11:35:30-aluno112-2017-06-03-11:35:30.png$[]
11:35:38-aluno112-2017-06-03-11:35:38.png$[]
11:35:46-aluno112-2017-06-03-11:35:46.png$[{"faceRectangle":{"height":96,"left":237,"top":189,"width":96},"scores":{"anger":6.457558E-05,"contempt":5.73698962E-05,"disgust":6.395413E-05,"fear":1.32653088E-06,"happiness":0.00139361131,"neutral":0.9916904,"sadness":0.006487688,"surprise":0.000241059475}}]
11:35:48-aluno112-2017-06-03-11:35:48.png$[]
11:35:56-aluno112-2017-06-03-11:35:56.png$[]
9:40:23-aluno11-2017-06-03-09:40:23.png$[]
9:40:27-aluno11-2017-06-03-09:40:27.png$[]
9:40:33-aluno11-2017-06-03-09:40:34.png$[]
9:40:39-aluno11-2017-06-03-09:40:39.png$[{"faceRectangle":{"height":139,"left":392,"top":245,"width":139},"scores":{"anger":0.0006307878,"contempt":0.000204448443,"disgust":6.4570675E-05,"fear":0.000124064332,"happiness":1.05352046E-05,"neutral":0.9797447,"sadness":0.002263393,"surprise":0.0169575363}}]
9:40:41-aluno11-2017-06-03-09:40:41.png$[{"faceRectangle":{"height":145,"left":329,"top":197,"width":145},"scores":{"anger":6.897466E-05,"contempt":0.000176887756,"disgust":1.45198874E-05,"fear":1.15199146E-06,"happiness":6.913073E-05,"neutral":0.988524437,"sadness":0.0111015458,"surprise":4.33268833E-05}}]
9:40:43-aluno11-2017-06-03-09:40:43.png$[]
9:40:45-aluno11-2017-06-03-09:40:45.png$[]
9:40:47-aluno11-2017-06-03-09:40:47.png$[]
9:40:51-aluno11-2017-06-03-09:40:52.png$[]
9:40:55-aluno11-2017-06-03-09:40:56.png$[]
9:40:57-aluno11-2017-06-03-09:40:57.png$[]
9:40:59-aluno11-2017-06-03-09:40:59.png$[]
9:41:01-aluno11-2017-06-03-09:41:01.png$[]
9:41:05-aluno11-2017-06-03-09:41:05.png${"error":{"code":"FailedToDownloadImage","message":"Failed to download the image from the URL."}}
9:41:07-aluno11-2017-06-03-09:41:07.png$[]
9:41:09-aluno11-2017-06-03-09:41:09.png$[]
9:41:15-aluno11-2017-06-03-09:41:15.png$[]
9:41:19-aluno11-2017-06-03-09:41:19.png$[]
9:41:21-aluno11-2017-06-03-09:41:21.png$[]
9:41:23-aluno11-2017-06-03-09:41:23.png$[]
9:41:25-aluno11-2017-06-03-09:41:25.png${"error":{"code":"FailedToDownloadImage","message":"Failed to download the image from the URL."}}
9:41:29-aluno11-2017-06-03-09:41:29.png${"error":{"code":"FailedToDownloadImage","message":"Failed to download the image from the URL."}}
9:41:31-aluno11-2017-06-03-09:41:31.png$[]
9:41:33-aluno11-2017-06-03-09:41:33.png${"error":{"code":"FailedToDownloadImage","message":"Failed to download the image from the URL."}}
9:41:35-aluno11-2017-06-03-09:41:35.png$[]
9:41:43-aluno11-2017-06-03-09:41:43.png$[]
9:41:49-aluno11-2017-06-03-09:41:49.png$[]
9:41:51-aluno11-2017-06-03-09:41:51.png$[]
9:41:57-aluno11-2017-06-03-09:41:57.png$[]
9:41:59-aluno11-2017-06-03-09:41:59.png$[]
9:42:05-aluno11-2017-06-03-09:42:05.png$[]
9:42:07-aluno11-2017-06-03-09:42:07.png$[]
9:42:09-aluno11-2017-06-03-09:42:09.png$[]
9:42:15-aluno11-2017-06-03-09:42:15.png$[]
9:42:19-aluno11-2017-06-03-09:42:19.png$[]
9:42:23-aluno11-2017-06-03-09:42:23.png$[]
9:42:25-aluno11-2017-06-03-09:42:25.png$[]
9:42:27-aluno11-2017-06-03-09:42:27.png$[]
9:42:29-aluno11-2017-06-03-09:42:29.png$[]
9:42:39-aluno11-2017-06-03-09:42:39.png$[]
9:42:45-aluno11-2017-06-03-09:42:45.png$[]
9:42:55-aluno11-2017-06-03-09:42:55.png$[]
9:42:57-aluno11-2017-06-03-09:42:58.png$[]
9:43:03-aluno11-2017-06-03-09:43:03.png$[]
9:43:05-aluno11-2017-06-03-09:43:05.png$[]
9:43:07-aluno11-2017-06-03-09:43:07.png$[]
9:43:11-aluno11-2017-06-03-09:43:11.png$[]
9:43:13-aluno11-2017-06-03-09:43:13.png$[]
9:43:23-aluno11-2017-06-03-09:43:23.png$[]
9:43:25-aluno11-2017-06-03-09:43:25.png$[]
9:43:27-aluno11-2017-06-03-09:43:27.png$[]
9:43:31-aluno11-2017-06-03-09:43:31.png$[]
9:43:37-aluno11-2017-06-03-09:43:37.png$[]
9:43:39-aluno11-2017-06-03-09:43:39.png$[]
9:43:41-aluno11-2017-06-03-09:43:41.png$[]
9:43:45-aluno11-2017-06-03-09:43:45.png$[]
9:43:47-aluno11-2017-06-03-09:43:47.png$[]
9:43:53-aluno11-2017-06-03-09:43:53.png$[]
9:43:57-aluno11-2017-06-03-09:43:57.png$[]
9:44:01-aluno11-2017-06-03-09:44:01.png$[]
9:44:05-aluno11-2017-06-03-09:44:05.png$[]
9:44:13-aluno11-2017-06-03-09:44:13.png$[{"faceRectangle":{"height":36,"left":556,"top":260,"width":36},"scores":{"anger":0.00237128651,"contempt":0.000102224527,"disgust":0.000119724529,"fear":0.00134959863,"happiness":0.000131633453,"neutral":0.9005407,"sadness":0.000796341454,"surprise":0.09458846}}]
9:44:19-aluno11-2017-06-03-09:44:21.png$[]
9:44:23-aluno11-2017-06-03-09:44:23.png$[]
9:44:29-aluno11-2017-06-03-09:44:35.png$[]
9:44:33-aluno11-2017-06-03-09:44:38.png$[]
9:44:35-aluno11-2017-06-03-09:44:39.png$[]
9:44:41-aluno11-2017-06-03-09:44:41.png$[]
9:44:43-aluno11-2017-06-03-09:44:43.png$[]
9:44:45-aluno11-2017-06-03-09:44:45.png$[]
9:44:47-aluno11-2017-06-03-09:44:47.png$[]
9:44:51-aluno11-2017-06-03-09:44:51.png$[]
9:44:53-aluno11-2017-06-03-09:44:53.png$[]
9:44:55-aluno11-2017-06-03-09:44:55.png$[]
9:44:57-aluno11-2017-06-03-09:44:57.png$[]
9:44:59-aluno11-2017-06-03-09:44:59.png$[]
9:45:01-aluno11-2017-06-03-09:45:01.png$[]
9:45:09-aluno11-2017-06-03-09:45:09.png$[]
9:45:11-aluno11-2017-06-03-09:45:11.png$[]
9:45:17-aluno11-2017-06-03-09:45:17.png$[]
9:45:25-aluno11-2017-06-03-09:45:25.png$[]
9:45:29-aluno11-2017-06-03-09:45:29.png$[]
9:45:31-aluno11-2017-06-03-09:45:31.png$[]
9:45:33-aluno11-2017-06-03-09:45:33.png$[]
9:45:35-aluno11-2017-06-03-09:45:35.png$[{"faceRectangle":{"height":122,"left":393,"top":232,"width":122},"scores":{"anger":0.00029386222,"contempt":0.000243671457,"disgust":5.387875E-05,"fear":3.15008765E-06,"happiness":0.000140931574,"neutral":0.9953313,"sadness":0.00366956485,"surprise":0.0002636637}}]
9:45:37-aluno11-2017-06-03-09:45:37.png$[]
9:45:47-aluno11-2017-06-03-09:45:47.png$[]
9:45:49-aluno11-2017-06-03-09:45:49.png$[]
9:45:51-aluno11-2017-06-03-09:45:51.png$[]
9:45:55-aluno11-2017-06-03-09:45:55.png$[]
9:46:03-aluno11-2017-06-03-09:46:03.png$[]
9:46:07-aluno11-2017-06-03-09:46:07.png$[]
9:46:13-aluno11-2017-06-03-09:46:13.png$[]
9:46:15-aluno11-2017-06-03-09:46:15.png$[]
9:46:19-aluno11-2017-06-03-09:46:19.png$[]
9:46:21-aluno11-2017-06-03-09:46:21.png$[]
9:46:23-aluno11-2017-06-03-09:46:23.png$[]
9:46:25-aluno11-2017-06-03-09:46:25.png$[]
9:46:27-aluno11-2017-06-03-09:46:27.png$[]
9:46:31-aluno11-2017-06-03-09:46:31.png$[]
9:46:33-aluno11-2017-06-03-09:46:33.png$[]
9:46:35-aluno11-2017-06-03-09:46:35.png$[]
9:46:37-aluno11-2017-06-03-09:46:37.png$[]
9:46:41-aluno11-2017-06-03-09:46:41.png$[]
9:46:43-aluno11-2017-06-03-09:46:43.png$[]
9:46:53-aluno11-2017-06-03-09:46:53.png$[]
9:46:55-aluno11-2017-06-03-09:46:55.png$[]
9:46:57-aluno11-2017-06-03-09:46:57.png$[]
9:46:59-aluno11-2017-06-03-09:46:59.png$[]
9:47:01-aluno11-2017-06-03-09:47:01.png$[]
9:47:05-aluno11-2017-06-03-09:47:05.png$[]
9:47:07-aluno11-2017-06-03-09:47:07.png$[]
9:47:09-aluno11-2017-06-03-09:47:09.png$[]
9:47:15-aluno11-2017-06-03-09:47:15.png$[]
9:47:17-aluno11-2017-06-03-09:47:17.png$[]
9:47:19-aluno11-2017-06-03-09:47:19.png$[]
9:47:25-aluno11-2017-06-03-09:47:25.png$[]
9:47:29-aluno11-2017-06-03-09:47:29.png$[]
9:47:31-aluno11-2017-06-03-09:47:31.png$[]
9:47:41-aluno11-2017-06-03-09:47:41.png$[]
9:47:43-aluno11-2017-06-03-09:47:44.png$[]
9:47:47-aluno11-2017-06-03-09:47:47.png$[]
9:47:49-aluno11-2017-06-03-09:47:49.png$[]
9:47:51-aluno11-2017-06-03-09:47:51.png$[]
9:47:57-aluno11-2017-06-03-09:47:57.png$[]
9:48:03-aluno11-2017-06-03-09:48:03.png$[]
9:48:07-aluno11-2017-06-03-09:48:07.png$[]
9:48:09-aluno11-2017-06-03-09:48:09.png$[]
9:48:13-aluno11-2017-06-03-09:48:13.png${"error":{"code":"FailedToDownloadImage","message":"Failed to download the image from the URL."}}
9:48:15-aluno11-2017-06-03-09:48:15.png$[]
9:48:29-aluno11-2017-06-03-09:48:29.png$[]
9:48:33-aluno11-2017-06-03-09:48:33.png$[]
9:48:37-aluno11-2017-06-03-09:48:37.png$[]
9:48:39-aluno11-2017-06-03-09:48:40.png$[]
9:48:43-aluno11-2017-06-03-09:48:43.png${"error":{"code":"FailedToDownloadImage","message":"Failed to download the image from the URL."}}
9:48:47-aluno11-2017-06-03-09:48:47.png$[]
9:48:49-aluno11-2017-06-03-09:48:49.png$[]
9:48:51-aluno11-2017-06-03-09:48:51.png$[]
9:48:57-aluno11-2017-06-03-09:48:57.png$[]
9:48:59-aluno11-2017-06-03-09:48:59.png$[]
9:49:01-aluno11-2017-06-03-09:49:01.png$[]
9:49:05-aluno11-2017-06-03-09:49:05.png$[]
9:49:19-aluno11-2017-06-03-09:49:19.png$[]
9:49:21-aluno11-2017-06-03-09:49:21.png$[]
9:49:29-aluno11-2017-06-03-09:49:29.png$[]
9:49:35-aluno11-2017-06-03-09:49:35.png$[]
9:49:37-aluno11-2017-06-03-09:49:38.png$[]
9:49:39-aluno11-2017-06-03-09:49:41.png$[]
9:49:45-aluno11-2017-06-03-09:49:48.png$[]
9:49:47-aluno11-2017-06-03-09:49:50.png$[]
9:49:51-aluno11-2017-06-03-09:49:53.png$[]
9:49:53-aluno11-2017-06-03-09:49:55.png$[]
9:49:55-aluno11-2017-06-03-09:49:55.png$[]
9:49:59-aluno11-2017-06-03-09:49:59.png$[]
9:50:01-aluno11-2017-06-03-09:50:02.png$[]
9:50:03-aluno11-2017-06-03-09:50:03.png$[]
9:50:15-aluno11-2017-06-03-09:50:15.png$[]
9:50:17-aluno11-2017-06-03-09:50:17.png$[]
9:50:19-aluno11-2017-06-03-09:50:19.png$[{"faceRectangle":{"height":114,"left":320,"top":283,"width":114},"scores":{"anger":0.00406952156,"contempt":0.0007208813,"disgust":0.0009776264,"fear":2.78866319E-05,"happiness":0.002993583,"neutral":0.949010849,"sadness":0.04179369,"surprise":0.00040594727}}]
9:50:25-aluno11-2017-06-03-09:50:25.png${"error":{"code":"FailedToDownloadImage","message":"Failed to download the image from the URL."}}
9:50:27-aluno11-2017-06-03-09:50:28.png$[]
9:50:29-aluno11-2017-06-03-09:50:29.png$[]
9:50:31-aluno11-2017-06-03-09:50:31.png$[]
9:50:43-aluno11-2017-06-03-09:50:43.png$[]
9:50:47-aluno11-2017-06-03-09:50:47.png${"error":{"code":"FailedToDownloadImage","message":"Failed to download the image from the URL."}}
9:50:49-aluno11-2017-06-03-09:50:49.png$[]
9:50:51-aluno11-2017-06-03-09:50:51.png$[]
9:50:53-aluno11-2017-06-03-09:50:53.png$[{"faceRectangle":{"height":122,"left":411,"top":238,"width":122},"scores":{"anger":0.03687317,"contempt":0.00355338864,"disgust":0.00403699838,"fear":0.000125642371,"happiness":0.00280834129,"neutral":0.866610467,"sadness":0.001127439,"surprise":0.08486456}}]
9:50:59-aluno11-2017-06-03-09:50:59.png$[]
9:51:03-aluno11-2017-06-03-09:51:03.png$[]
9:51:05-aluno11-2017-06-03-09:51:06.png$[]
9:51:07-aluno11-2017-06-03-09:51:08.png$[]
9:51:11-aluno11-2017-06-03-09:51:11.png$[]
9:51:17-aluno11-2017-06-03-09:51:17.png$[]
9:51:25-aluno11-2017-06-03-09:51:25.png$[]
9:51:27-aluno11-2017-06-03-09:51:27.png$[]
9:51:31-aluno11-2017-06-03-09:51:31.png$[]
9:51:33-aluno11-2017-06-03-09:51:33.png$[{"faceRectangle":{"height":113,"left":338,"top":255,"width":113},"scores":{"anger":0.005996746,"contempt":0.0018171689,"disgust":0.00286444882,"fear":0.0003449576,"happiness":0.0009985536,"neutral":0.9465704,"sadness":0.0356947556,"surprise":0.00571294734}}]
9:51:35-aluno11-2017-06-03-09:51:35.png$[{"faceRectangle":{"height":112,"left":295,"top":277,"width":112},"scores":{"anger":0.0006833826,"contempt":0.000170621453,"disgust":8.344342E-05,"fear":1.79206745E-05,"happiness":0.000234323437,"neutral":0.9932228,"sadness":0.00490174256,"surprise":0.0006858087}}]
9:51:49-aluno11-2017-06-03-09:51:49.png$[]
9:51:51-aluno11-2017-06-03-09:51:51.png$[]
9:51:53-aluno11-2017-06-03-09:51:53.png$[]
9:52:03-aluno11-2017-06-03-09:52:04.png$[]
9:52:05-aluno11-2017-06-03-09:52:05.png$[]
9:52:09-aluno11-2017-06-03-09:52:09.png${"error":{"code":"FailedToDownloadImage","message":"Failed to download the image from the URL."}}
9:52:11-aluno11-2017-06-03-09:52:12.png$[]
9:52:13-aluno11-2017-06-03-09:52:14.png$[]
9:52:15-aluno11-2017-06-03-09:52:15.png$[]
9:52:19-aluno11-2017-06-03-09:52:19.png${"error":{"code":"FailedToDownloadImage","message":"Failed to download the image from the URL."}}
9:52:27-aluno11-2017-06-03-09:52:27.png${"error":{"code":"FailedToDownloadImage","message":"Failed to download the image from the URL."}}
9:52:29-aluno11-2017-06-03-09:52:29.png$[]
9:52:31-aluno11-2017-06-03-09:52:31.png$[]
9:52:45-aluno11-2017-06-03-09:52:46.png$[]
9:52:49-aluno11-2017-06-03-09:52:49.png$[]
9:52:53-aluno11-2017-06-03-09:52:53.png$[]
9:52:55-aluno11-2017-06-03-09:52:55.png$[]
9:53:03-aluno11-2017-06-03-09:53:03.png${"error":{"code":"FailedToDownloadImage","message":"Failed to download the image from the URL."}}
9:53:05-aluno11-2017-06-03-09:53:06.png$[]
9:53:07-aluno11-2017-06-03-09:53:07.png$[]
9:53:13-aluno11-2017-06-03-09:53:13.png$[]
9:53:15-aluno11-2017-06-03-09:53:15.png$[]
9:53:17-aluno11-2017-06-03-09:53:17.png$[]
9:53:21-aluno11-2017-06-03-09:53:21.png$[]
9:53:23-aluno11-2017-06-03-09:53:23.png$[]
9:53:35-aluno11-2017-06-03-09:53:35.png$[]
9:53:39-aluno11-2017-06-03-09:53:39.png$[]
9:53:45-aluno11-2017-06-03-09:53:45.png$[]
9:53:57-aluno11-2017-06-03-09:53:57.png$[]
9:53:59-aluno11-2017-06-03-09:53:59.png$[]
9:54:13-aluno11-2017-06-03-09:54:13.png$[]
9:54:19-aluno11-2017-06-03-09:54:19.png$[]
9:54:23-aluno11-2017-06-03-09:54:23.png$[]
9:54:25-aluno11-2017-06-03-09:54:25.png$[]
9:54:27-aluno11-2017-06-03-09:54:27.png$[]
9:54:31-aluno11-2017-06-03-09:54:31.png$[]
9:54:37-aluno11-2017-06-03-09:54:37.png$[]
9:54:41-aluno11-2017-06-03-09:54:41.png$[]
9:54:43-aluno11-2017-06-03-09:54:43.png$[]
9:54:45-aluno11-2017-06-03-09:54:45.png$[]
9:54:51-aluno11-2017-06-03-09:54:51.png$[]
9:54:53-aluno11-2017-06-03-09:54:54.png$[]
9:55:01-aluno11-2017-06-03-09:55:01.png$[]
9:55:09-aluno11-2017-06-03-09:55:09.png$[]
9:55:11-aluno11-2017-06-03-09:55:11.png$[]
9:55:13-aluno11-2017-06-03-09:55:13.png$[]
9:55:15-aluno11-2017-06-03-09:55:15.png$[]
9:55:17-aluno11-2017-06-03-09:55:17.png$[]
9:55:21-aluno11-2017-06-03-09:55:22.png$[]
9:55:23-aluno11-2017-06-03-09:55:23.png$[]
9:55:31-aluno11-2017-06-03-09:55:31.png$[]
9:55:35-aluno11-2017-06-03-09:55:35.png$[]
9:55:37-aluno11-2017-06-03-09:55:37.png$[]
9:55:39-aluno11-2017-06-03-09:55:39.png$[]
9:55:45-aluno11-2017-06-03-09:55:45.png$[]
9:55:47-aluno11-2017-06-03-09:55:47.png$[]
9:55:49-aluno11-2017-06-03-09:55:49.png$[]
9:55:53-aluno11-2017-06-03-09:55:53.png$[]
9:55:55-aluno11-2017-06-03-09:55:55.png$[]
9:55:59-aluno11-2017-06-03-09:55:59.png$[]
9:56:11-aluno11-2017-06-03-09:56:11.png$[]
9:56:13-aluno11-2017-06-03-09:56:13.png$[]
9:56:15-aluno11-2017-06-03-09:56:15.png$[]
9:56:17-aluno11-2017-06-03-09:56:17.png$[]
9:56:19-aluno11-2017-06-03-09:56:19.png$[]
9:56:21-aluno11-2017-06-03-09:56:22.png$[]
9:56:23-aluno11-2017-06-03-09:56:24.png$[]
9:56:25-aluno11-2017-06-03-09:56:25.png$[]
9:56:27-aluno11-2017-06-03-09:56:27.png$[]
9:56:29-aluno11-2017-06-03-09:56:29.png$[]
9:56:33-aluno11-2017-06-03-09:56:33.png$[]
9:56:39-aluno11-2017-06-03-09:56:39.png$[]
9:56:41-aluno11-2017-06-03-09:56:41.png$[]
9:56:47-aluno11-2017-06-03-09:56:47.png$[]
9:56:49-aluno11-2017-06-03-09:56:49.png$[]
9:56:53-aluno11-2017-06-03-09:56:53.png$[]
9:56:57-aluno11-2017-06-03-09:56:57.png$[]
9:56:59-aluno11-2017-06-03-09:56:59.png$[]
9:57:03-aluno11-2017-06-03-09:57:03.png$[]
9:57:05-aluno11-2017-06-03-09:57:05.png$[]
9:57:09-aluno11-2017-06-03-09:57:09.png$[]
9:57:11-aluno11-2017-06-03-09:57:11.png$[]
9:57:13-aluno11-2017-06-03-09:57:13.png$[]
9:57:17-aluno11-2017-06-03-09:57:17.png$[]
9:57:19-aluno11-2017-06-03-09:57:19.png$[]
9:57:23-aluno11-2017-06-03-09:57:23.png$[]
9:57:25-aluno11-2017-06-03-09:57:25.png$[]
9:57:41-aluno11-2017-06-03-09:57:41.png$[]
9:57:43-aluno11-2017-06-03-09:57:43.png$[]
9:57:45-aluno11-2017-06-03-09:57:45.png$[]
9:57:47-aluno11-2017-06-03-09:57:47.png$[]
9:57:53-aluno11-2017-06-03-09:57:53.png$[]
9:57:57-aluno11-2017-06-03-09:57:57.png$[]
